1,AGUASCALIENTES,AGU
2,ASIENTOS,AGU
3,CALVILLO,AGU
4,COSÍO,AGU
5,JESÚS MARÍA,AGU
6,PABELLÓN DE ARTEAGA,AGU
7,RINCÓN DE ROMOS,AGU
8,SAN JOSÉ DE GRACIA,AGU
9,TEPEZALÁ,AGU
10,EL LLANO,AGU
11,SAN FRANCISCO DE LOS ROMO,AGU
12,ENSENADA,BCN
13,MEXICALI,BCN
14,TECATE,BCN
15,TIJUANA,BCN
16,PLAYAS DE ROSARITO,BCN
17,COMONDÚ,BCS
18,MULEGÉ,BCS
19,LA PAZ,BCS
20,LOS CABOS,BCS
21,LORETO,BCS
22,CALKINÍ,CAM
23,CAMPECHE,CAM
24,CARMEN,CAM
25,CHAMPOTÓN,CAM
26,HECELCHAKÁN,CAM
27,HOPELCHÉN,CAM
28,PALIZADA,CAM
29,TENABO,CAM
30,ESCÁRCEGA,CAM
31,CALAKMUL,CAM
32,CANDELARIA,CAM
33,ACACOYAGUA,CHP
34,ACALA,CHP
35,ACAPETAHUA,CHP
36,ALTAMIRANO,CHP
37,AMATÁN,CHP
38,AMATENANGO DE LA FRONTERA,CHP
39,AMATENANGO DEL VALLE,CHP
40,ANGEL ALBINO CORZO,CHP
41,ARRIAGA,CHP
42,BEJUCAL DE OCAMPO,CHP
43,BELLA VISTA,CHP
44,BERRIOZÁBAL,CHP
45,BOCHIL,CHP
46,EL BOSQUE,CHP
47,CACAHOATÁN,CHP
48,CATAZAJÁ,CHP
49,CINTALAPA,CHP
50,COAPILLA,CHP
51,COMITÁN DE DOMÍNGUEZ,CHP
52,LA CONCORDIA,CHP
53,COPAINALÁ,CHP
54,CHALCHIHUITÁN,CHP
55,CHAMULA,CHP
56,CHANAL,CHP
57,CHAPULTENANGO,CHP
58,CHENALHÓ,CHP
59,CHIAPA DE CORZO,CHP
60,CHIAPILLA,CHP
61,CHICOASÉN,CHP
62,CHICOMUSELO,CHP
63,CHILÓN,CHP
64,ESCUINTLA,CHP
65,FRANCISCO LEÓN,CHP
66,FRONTERA COMALAPA,CHP
67,FRONTERA HIDALGO,CHP
68,LA GRANDEZA,CHP
69,HUEHUETÁN,CHP
70,HUIXTÁN,CHP
71,HUITIUPÁN,CHP
72,HUIXTLA,CHP
73,LA INDEPENDENCIA,CHP
74,IXHUATÁN,CHP
75,IXTACOMITÁN,CHP
76,IXTAPA,CHP
77,IXTAPANGAJOYA,CHP
78,JIQUIPILAS,CHP
79,JITOTOL,CHP
80,JUÁREZ,CHP
81,LARRÁINZAR,CHP
82,LA LIBERTAD,CHP
83,MAPASTEPEC,CHP
84,LAS MARGARITAS,CHP
85,MAZAPA DE MADERO,CHP
86,MAZATÁN,CHP
87,METAPA,CHP
88,MITONTIC,CHP
89,MOTOZINTLA,CHP
90,NICOLÁS RUÍZ,CHP
91,OCOSINGO,CHP
92,OCOTEPEC,CHP
93,OCOZOCOAUTLA DE ESPINOSA,CHP
94,OSTUACÁN,CHP
95,OSUMACINTA,CHP
96,OXCHUC,CHP
97,PALENQUE,CHP
98,PANTELHÓ,CHP
99,PANTEPEC,CHP
100,PICHUCALCO,CHP
101,PIJIJIAPAN,CHP
102,EL PORVENIR,CHP
103,VILLA COMALTITLÁN,CHP
104,PUEBLO NUEVO SOLISTAHUACÁN,CHP
105,RAYÓN,CHP
106,REFORMA,CHP
107,LAS ROSAS,CHP
108,SABANILLA,CHP
109,SALTO DE AGUA,CHP
110,SAN CRISTÓBAL DE LAS CASAS,CHP
111,SAN FERNANDO,CHP
112,SILTEPEC,CHP
113,SIMOJOVEL,CHP
114,SITALÁ,CHP
115,SOCOLTENANGO,CHP
116,SOLOSUCHIAPA,CHP
117,SOYALÓ,CHP
118,SUCHIAPA,CHP
119,SUCHIATE,CHP
120,SUNUAPA,CHP
121,TAPACHULA,CHP
122,TAPALAPA,CHP
123,TAPILULA,CHP
124,TECPATÁN,CHP
125,TENEJAPA,CHP
126,TEOPISCA,CHP
127,TILA,CHP
128,TONALÁ,CHP
129,TOTOLAPA,CHP
130,LA TRINITARIA,CHP
131,TUMBALÁ,CHP
132,TUXTLA GUTIÉRREZ,CHP
133,TUXTLA CHICO,CHP
134,TUZANTÁN,CHP
135,TZIMOL,CHP
136,UNIÓN JUÁREZ,CHP
137,VENUSTIANO CARRANZA,CHP
138,VILLA CORZO,CHP
139,VILLAFLORES,CHP
140,YAJALÓN,CHP
141,SAN LUCAS,CHP
142,ZINACANTÁN,CHP
143,SAN JUAN CANCUC,CHP
144,ALDAMA,CHP
145,BENEMÉRITO DE LAS AMÉRICAS,CHP
146,MARAVILLA TENEJAPA,CHP
147,MARQUÉS DE COMILLAS,CHP
148,MONTECRISTO DE GUERRERO,CHP
149,SAN ANDRÉS DURAZNAL,CHP
150,SANTIAGO EL PINAR,CHP
151,AHUMADA,CHH
152,ALDAMA,CHH
153,ALLENDE,CHH
154,AQUILES SERDÁN,CHH
155,ASCENSIÓN,CHH
156,BACHÍNIVA,CHH
157,BALLEZA,CHH
158,BATOPILAS,CHH
159,BOCOYNA,CHH
160,BUENAVENTURA,CHH
161,CAMARGO,CHH
162,CARICHÍ,CHH
163,CASAS GRANDES,CHH
164,CORONADO,CHH
165,COYAME DEL SOTOL,CHH
166,LA CRUZ,CHH
167,CUAUHTÉMOC,CHH
168,CUSIHUIRIACHI,CHH
169,CHIHUAHUA,CHH
170,CHÍNIPAS,CHH
171,DELICIAS,CHH
172,DR. BELISARIO DOMÍNGUEZ,CHH
173,GALEANA,CHH
174,SANTA ISABEL,CHH
175,GÓMEZ FARÍAS,CHH
176,GRAN MORELOS,CHH
177,GUACHOCHI,CHH
178,GUADALUPE,CHH
179,GUADALUPE Y CALVO,CHH
180,GUAZAPARES,CHH
181,GUERRERO,CHH
182,HIDALGO DEL PARRAL,CHH
183,HUEJOTITÁN,CHH
184,IGNACIO ZARAGOZA,CHH
185,JANOS,CHH
186,JIMÉNEZ,CHH
187,JUÁREZ,CHH
188,JULIMES,CHH
189,LÓPEZ,CHH
190,MADERA,CHH
191,MAGUARICHI,CHH
192,MANUEL BENAVIDES,CHH
193,MATACHÍ,CHH
194,MATAMOROS,CHH
195,MEOQUI,CHH
196,MORELOS,CHH
197,MORIS,CHH
198,NAMIQUIPA,CHH
199,NONOAVA,CHH
200,NUEVO CASAS GRANDES,CHH
201,OCAMPO,CHH
202,OJINAGA,CHH
203,PRAXEDIS G. GUERRERO,CHH
204,RIVA PALACIO,CHH
205,ROSALES,CHH
206,ROSARIO,CHH
207,SAN FRANCISCO DE BORJA,CHH
208,SAN FRANCISCO DE CONCHOS,CHH
209,SAN FRANCISCO DEL ORO,CHH
210,SANTA BÁRBARA,CHH
211,SATEVÓ,CHH
212,SAUCILLO,CHH
213,TEMÓSACHIC,CHH
214,EL TULE,CHH
215,URIQUE,CHH
216,URUACHI,CHH
217,VALLE DE ZARAGOZA,CHH
218,AZCAPOTZALCO,CMX
219,COYOACÁN,CMX
220,CUAJIMALPA DE MORELOS,CMX
221,GUSTAVO A. MADERO,CMX
222,IZTACALCO,CMX
223,IZTAPALAPA,CMX
224,LA MAGDALENA CONTRERAS,CMX
225,MILPA ALTA,CMX
226,ÁLVARO OBREGÓN,CMX
227,TLÁHUAC,CMX
228,TLALPAN,CMX
229,XOCHIMILCO,CMX
230,BENITO JUÁREZ,CMX
231,CUAUHTÉMOC,CMX
232,MIGUEL HIDALGO,CMX
233,VENUSTIANO CARRANZA,CMX
234,ABASOLO,COA
235,ACUÑA,COA
236,ALLENDE,COA
237,ARTEAGA,COA
238,CANDELA,COA
239,CASTAÑOS,COA
240,CUATRO CIÉNEGAS,COA
241,ESCOBEDO,COA
242,FRANCISCO I. MADERO,COA
243,FRONTERA,COA
244,GENERAL CEPEDA,COA
245,GUERRERO,COA
246,HIDALGO,COA
247,JIMÉNEZ,COA
248,JUÁREZ,COA
249,LAMADRID,COA
250,MATAMOROS,COA
251,MONCLOVA,COA
252,MORELOS,COA
253,MÚZQUIZ,COA
254,NADADORES,COA
255,NAVA,COA
256,OCAMPO,COA
257,PARRAS,COA
258,PIEDRAS NEGRAS,COA
259,PROGRESO,COA
260,RAMOS ARIZPE,COA
261,SABINAS,COA
262,SACRAMENTO,COA
263,SALTILLO,COA
264,SAN BUENAVENTURA,COA
265,SAN JUAN DE SABINAS,COA
266,SAN PEDRO,COA
267,SIERRA MOJADA,COA
268,TORREÓN,COA
269,VIESCA,COA
270,VILLA UNIÓN,COA
271,ZARAGOZA,COA
272,ARMERÍA,COL
273,COLIMA,COL
274,COMALA,COL
275,COQUIMATLÁN,COL
276,CUAUHTÉMOC,COL
277,IXTLAHUACÁN,COL
278,MANZANILLO,COL
279,MINATITLÁN,COL
280,TECOMÁN,COL
281,VILLA DE ÁLVAREZ,COL
282,CANATLÁN,DUR
283,CANELAS,DUR
284,CONETO DE COMONFORT,DUR
285,CUENCAMÉ,DUR
286,DURANGO,DUR
287,GENERAL SIMÓN BOLÍVAR,DUR
288,GÓMEZ PALACIO,DUR
289,GUADALUPE VICTORIA,DUR
290,GUANACEVÍ,DUR
291,HIDALGO,DUR
292,INDÉ,DUR
293,LERDO,DUR
294,MAPIMÍ,DUR
295,MEZQUITAL,DUR
296,NAZAS,DUR
297,NOMBRE DE DIOS,DUR
298,OCAMPO,DUR
299,EL ORO,DUR
300,OTÁEZ,DUR
301,PÁNUCO DE CORONADO,DUR
302,PEÑÓN BLANCO,DUR
303,POANAS,DUR
304,PUEBLO NUEVO,DUR
305,RODEO,DUR
306,SAN BERNARDO,DUR
307,SAN DIMAS,DUR
308,SAN JUAN DE GUADALUPE,DUR
309,SAN JUAN DEL RÍO,DUR
310,SAN LUIS DEL CORDERO,DUR
311,SAN PEDRO DEL GALLO,DUR
312,SANTA CLARA,DUR
313,SANTIAGO PAPASQUIARO,DUR
314,SÚCHIL,DUR
315,TAMAZULA,DUR
316,TEPEHUANES,DUR
317,TLAHUALILO,DUR
318,TOPIA,DUR
319,VICENTE GUERRERO,DUR
320,NUEVO IDEAL,DUR
321,ABASOLO,GUA
322,ACÁMBARO,GUA
323,SAN MIGUEL DE ALLENDE,GUA
324,APASEO EL ALTO,GUA
325,APASEO EL GRANDE,GUA
326,ATARJEA,GUA
327,CELAYA,GUA
328,MANUEL DOBLADO,GUA
329,COMONFORT,GUA
330,CORONEO,GUA
331,CORTAZAR,GUA
332,CUERÁMARO,GUA
333,DOCTOR MORA,GUA
334,DOLORES HIDALGO CUNA DE LA INDEPENDENCIA NACIONAL,GUA
335,GUANAJUATO,GUA
336,HUANÍMARO,GUA
337,IRAPUATO,GUA
338,JARAL DEL PROGRESO,GUA
339,JERÉCUARO,GUA
340,LEÓN,GUA
341,MOROLEÓN,GUA
342,OCAMPO,GUA
343,PÉNJAMO,GUA
344,PUEBLO NUEVO,GUA
345,PURÍSIMA DEL RINCÓN,GUA
346,ROMITA,GUA
347,SALAMANCA,GUA
348,SALVATIERRA,GUA
349,SAN DIEGO DE LA UNIÓN,GUA
350,SAN FELIPE,GUA
351,SAN FRANCISCO DEL RINCÓN,GUA
352,SAN JOSÉ ITURBIDE,GUA
353,SAN LUIS DE LA PAZ,GUA
354,SANTA CATARINA,GUA
355,SANTA CRUZ DE JUVENTINO ROSAS,GUA
356,SANTIAGO MARAVATÍO,GUA
357,SILAO DE LA VICTORIA,GUA
358,TARANDACUAO,GUA
359,TARIMORO,GUA
360,TIERRA BLANCA,GUA
361,URIANGATO,GUA
362,VALLE DE SANTIAGO,GUA
363,VICTORIA,GUA
364,VILLAGRÁN,GUA
365,XICHÚ,GUA
366,YURIRIA,GUA
367,ACAPULCO DE JUÁREZ,GRO
368,AHUACUOTZINGO,GRO
369,AJUCHITLÁN DEL PROGRESO,GRO
370,ALCOZAUCA DE GUERRERO,GRO
371,ALPOYECA,GRO
372,APAXTLA,GRO
373,ARCELIA,GRO
374,ATENANGO DEL RÍO,GRO
375,ATLAMAJALCINGO DEL MONTE,GRO
376,ATLIXTAC,GRO
377,ATOYAC DE ÁLVAREZ,GRO
378,AYUTLA DE LOS LIBRES,GRO
379,AZOYÚ,GRO
380,BENITO JUÁREZ,GRO
381,BUENAVISTA DE CUÉLLAR,GRO
382,COAHUAYUTLA DE JOSÉ MARÍA IZAZAGA,GRO
383,COCULA,GRO
384,COPALA,GRO
385,COPALILLO,GRO
386,COPANATOYAC,GRO
387,COYUCA DE BENÍTEZ,GRO
388,COYUCA DE CATALÁN,GRO
389,CUAJINICUILAPA,GRO
390,CUALÁC,GRO
391,CUAUTEPEC,GRO
392,CUETZALA DEL PROGRESO,GRO
393,CUTZAMALA DE PINZÓN,GRO
394,CHILAPA DE ÁLVAREZ,GRO
395,CHILPANCINGO DE LOS BRAVO,GRO
396,FLORENCIO VILLARREAL,GRO
397,GENERAL CANUTO A. NERI,GRO
398,GENERAL HELIODORO CASTILLO,GRO
399,HUAMUXTITLÁN,GRO
400,HUITZUCO DE LOS FIGUEROA,GRO
401,IGUALA DE LA INDEPENDENCIA,GRO
402,IGUALAPA,GRO
403,IXCATEOPAN DE CUAUHTÉMOC,GRO
404,ZIHUATANEJO DE AZUETA,GRO
405,JUAN R. ESCUDERO,GRO
406,LEONARDO BRAVO,GRO
407,MALINALTEPEC,GRO
408,MÁRTIR DE CUILAPAN,GRO
409,METLATÓNOC,GRO
410,MOCHITLÁN,GRO
411,OLINALÁ,GRO
412,OMETEPEC,GRO
413,PEDRO ASCENCIO ALQUISIRAS,GRO
414,PETATLÁN,GRO
415,PILCAYA,GRO
416,PUNGARABATO,GRO
417,QUECHULTENANGO,GRO
418,SAN LUIS ACATLÁN,GRO
419,SAN MARCOS,GRO
420,SAN MIGUEL TOTOLAPAN,GRO
421,TAXCO DE ALARCÓN,GRO
422,TECOANAPA,GRO
423,TÉCPAN DE GALEANA,GRO
424,TELOLOAPAN,GRO
425,TEPECOACUILCO DE TRUJANO,GRO
426,TETIPAC,GRO
427,TIXTLA DE GUERRERO,GRO
428,TLACOACHISTLAHUACA,GRO
429,TLACOAPA,GRO
430,TLALCHAPA,GRO
431,TLALIXTAQUILLA DE MALDONADO,GRO
432,TLAPA DE COMONFORT,GRO
433,TLAPEHUALA,GRO
434,LA UNIÓN DE ISIDORO MONTES DE OCA,GRO
435,XALPATLÁHUAC,GRO
436,XOCHIHUEHUETLÁN,GRO
437,XOCHISTLAHUACA,GRO
438,ZAPOTITLÁN TABLAS,GRO
439,ZIRÁNDARO,GRO
440,ZITLALA,GRO
441,EDUARDO NERI,GRO
442,ACATEPEC,GRO
443,MARQUELIA,GRO
444,COCHOAPA EL GRANDE,GRO
445,JOSÉ JOAQUÍN DE HERRERA,GRO
446,JUCHITÁN,GRO
447,ILIATENCO,GRO
448,ACATLÁN,HID
449,ACAXOCHITLÁN,HID
450,ACTOPAN,HID
451,AGUA BLANCA DE ITURBIDE,HID
452,AJACUBA,HID
453,ALFAJAYUCAN,HID
454,ALMOLOYA,HID
455,APAN,HID
456,EL ARENAL,HID
457,ATITALAQUIA,HID
458,ATLAPEXCO,HID
459,ATOTONILCO EL GRANDE,HID
460,ATOTONILCO DE TULA,HID
461,CALNALI,HID
462,CARDONAL,HID
463,CUAUTEPEC DE HINOJOSA,HID
464,CHAPANTONGO,HID
465,CHAPULHUACÁN,HID
466,CHILCUAUTLA,HID
467,ELOXOCHITLÁN,HID
468,EMILIANO ZAPATA,HID
469,EPAZOYUCAN,HID
470,FRANCISCO I. MADERO,HID
471,HUASCA DE OCAMPO,HID
472,HUAUTLA,HID
473,HUAZALINGO,HID
474,HUEHUETLA,HID
475,HUEJUTLA DE REYES,HID
476,HUICHAPAN,HID
477,IXMIQUILPAN,HID
478,JACALA DE LEDEZMA,HID
479,JALTOCÁN,HID
480,JUÁREZ HIDALGO,HID
481,LOLOTLA,HID
482,METEPEC,HID
483,SAN AGUSTÍN METZQUITITLÁN,HID
484,METZTITLÁN,HID
485,MINERAL DEL CHICO,HID
486,MINERAL DEL MONTE,HID
487,LA MISIÓN,HID
488,MIXQUIAHUALA DE JUÁREZ,HID
489,MOLANGO DE ESCAMILLA,HID
490,NICOLÁS FLORES,HID
491,NOPALA DE VILLAGRÁN,HID
492,OMITLÁN DE JUÁREZ,HID
493,SAN FELIPE ORIZATLÁN,HID
494,PACULA,HID
495,PACHUCA DE SOTO,HID
496,PISAFLORES,HID
497,PROGRESO DE OBREGÓN,HID
498,MINERAL DE LA REFORMA,HID
499,SAN AGUSTÍN TLAXIACA,HID
500,SAN BARTOLO TUTOTEPEC,HID
501,SAN SALVADOR,HID
502,SANTIAGO DE ANAYA,HID
503,SANTIAGO TULANTEPEC DE LUGO GUERRERO,HID
504,SINGUILUCAN,HID
505,TASQUILLO,HID
506,TECOZAUTLA,HID
507,TENANGO DE DORIA,HID
508,TEPEAPULCO,HID
509,TEPEHUACÁN DE GUERRERO,HID
510,TEPEJI DEL RÍO DE OCAMPO,HID
511,TEPETITLÁN,HID
512,TETEPANGO,HID
513,VILLA DE TEZONTEPEC,HID
514,TEZONTEPEC DE ALDAMA,HID
515,TIANGUISTENGO,HID
516,TIZAYUCA,HID
517,TLAHUELILPAN,HID
518,TLAHUILTEPA,HID
519,TLANALAPA,HID
520,TLANCHINOL,HID
521,TLAXCOAPAN,HID
522,TOLCAYUCA,HID
523,TULA DE ALLENDE,HID
524,TULANCINGO DE BRAVO,HID
525,XOCHIATIPAN,HID
526,XOCHICOATLÁN,HID
527,YAHUALICA,HID
528,ZACUALTIPÁN DE ÁNGELES,HID
529,ZAPOTLÁN DE JUÁREZ,HID
530,ZEMPOALA,HID
531,ZIMAPÁN,HID
532,ACATIC,JAL
533,ACATLÁN DE JUÁREZ,JAL
534,AHUALULCO DE MERCADO,JAL
535,AMACUECA,JAL
536,AMATITÁN,JAL
537,AMECA,JAL
538,SAN JUANITO DE ESCOBEDO,JAL
539,ARANDAS,JAL
540,EL ARENAL,JAL
541,ATEMAJAC DE BRIZUELA,JAL
542,ATENGO,JAL
543,ATENGUILLO,JAL
544,ATOTONILCO EL ALTO,JAL
545,ATOYAC,JAL
546,AUTLÁN DE NAVARRO,JAL
547,AYOTLÁN,JAL
548,AYUTLA,JAL
549,LA BARCA,JAL
550,BOLAÑOS,JAL
551,CABO CORRIENTES,JAL
552,CASIMIRO CASTILLO,JAL
553,CIHUATLÁN,JAL
554,ZAPOTLÁN EL GRANDE,JAL
555,COCULA,JAL
556,COLOTLÁN,JAL
557,CONCEPCIÓN DE BUENOS AIRES,JAL
558,CUAUTITLÁN DE GARCÍA BARRAGÁN,JAL
559,CUAUTLA,JAL
560,CUQUÍO,JAL
561,CHAPALA,JAL
562,CHIMALTITÁN,JAL
563,CHIQUILISTLÁN,JAL
564,DEGOLLADO,JAL
565,EJUTLA,JAL
566,ENCARNACIÓN DE DÍAZ,JAL
567,ETZATLÁN,JAL
568,EL GRULLO,JAL
569,GUACHINANGO,JAL
570,GUADALAJARA,JAL
571,HOSTOTIPAQUILLO,JAL
572,HUEJÚCAR,JAL
573,HUEJUQUILLA EL ALTO,JAL
574,LA HUERTA,JAL
575,IXTLAHUACÁN DE LOS MEMBRILLOS,JAL
576,IXTLAHUACÁN DEL RÍO,JAL
577,JALOSTOTITLÁN,JAL
578,JAMAY,JAL
579,JESÚS MARÍA,JAL
580,JILOTLÁN DE LOS DOLORES,JAL
581,JOCOTEPEC,JAL
582,JUANACATLÁN,JAL
583,JUCHITLÁN,JAL
584,LAGOS DE MORENO,JAL
585,EL LIMÓN,JAL
586,MAGDALENA,JAL
587,SANTA MARÍA DEL ORO,JAL
588,LA MANZANILLA DE LA PAZ,JAL
589,MASCOTA,JAL
590,MAZAMITLA,JAL
591,MEXTICACÁN,JAL
592,MEZQUITIC,JAL
593,MIXTLÁN,JAL
594,OCOTLÁN,JAL
595,OJUELOS DE JALISCO,JAL
596,PIHUAMO,JAL
597,PONCITLÁN,JAL
598,PUERTO VALLARTA,JAL
599,VILLA PURIFICACIÓN,JAL
600,QUITUPAN,JAL
601,EL SALTO,JAL
602,SAN CRISTÓBAL DE LA BARRANCA,JAL
603,SAN DIEGO DE ALEJANDRÍA,JAL
604,SAN JUAN DE LOS LAGOS,JAL
605,SAN JULIÁN,JAL
606,SAN MARCOS,JAL
607,SAN MARTÍN DE BOLAÑOS,JAL
608,SAN MARTÍN HIDALGO,JAL
609,SAN MIGUEL EL ALTO,JAL
610,GÓMEZ FARÍAS,JAL
611,SAN SEBASTIÁN DEL OESTE,JAL
612,SANTA MARÍA DE LOS ÁNGELES,JAL
613,SAYULA,JAL
614,TALA,JAL
615,TALPA DE ALLENDE,JAL
616,TAMAZULA DE GORDIANO,JAL
617,TAPALPA,JAL
618,TECALITLÁN,JAL
619,TECOLOTLÁN,JAL
620,TECHALUTA DE MONTENEGRO,JAL
621,TENAMAXTLÁN,JAL
622,TEOCALTICHE,JAL
623,TEOCUITATLÁN DE CORONA,JAL
624,TEPATITLÁN DE MORELOS,JAL
625,TEQUILA,JAL
626,TEUCHITLÁN,JAL
627,TIZAPÁN EL ALTO,JAL
628,TLAJOMULCO DE ZÚÑIGA,JAL
629,SAN PEDRO TLAQUEPAQUE,JAL
630,TOLIMÁN,JAL
631,TOMATLÁN,JAL
632,TONALÁ,JAL
633,TONAYA,JAL
634,TONILA,JAL
635,TOTATICHE,JAL
636,TOTOTLÁN,JAL
637,TUXCACUESCO,JAL
638,TUXCUECA,JAL
639,TUXPAN,JAL
640,UNIÓN DE SAN ANTONIO,JAL
641,UNIÓN DE TULA,JAL
642,VALLE DE GUADALUPE,JAL
643,VALLE DE JUÁREZ,JAL
644,SAN GABRIEL,JAL
645,VILLA CORONA,JAL
646,VILLA GUERRERO,JAL
647,VILLA HIDALGO,JAL
648,CAÑADAS DE OBREGÓN,JAL
649,YAHUALICA DE GONZÁLEZ GALLO,JAL
650,ZACOALCO DE TORRES,JAL
651,ZAPOPAN,JAL
652,ZAPOTILTIC,JAL
653,ZAPOTITLÁN DE VADILLO,JAL
654,ZAPOTLÁN DEL REY,JAL
655,ZAPOTLANEJO,JAL
656,SAN IGNACIO CERRO GORDO,JAL
657,ACAMBAY DE RUÍZ CASTAÑEDA,MEX
658,ACOLMAN,MEX
659,ACULCO,MEX
660,ALMOLOYA DE ALQUISIRAS,MEX
661,ALMOLOYA DE JUÁREZ,MEX
662,ALMOLOYA DEL RÍO,MEX
663,AMANALCO,MEX
664,AMATEPEC,MEX
665,AMECAMECA,MEX
666,APAXCO,MEX
667,ATENCO,MEX
668,ATIZAPÁN,MEX
669,ATIZAPÁN DE ZARAGOZA,MEX
670,ATLACOMULCO,MEX
671,ATLAUTLA,MEX
672,AXAPUSCO,MEX
673,AYAPANGO,MEX
674,CALIMAYA,MEX
675,CAPULHUAC,MEX
676,COACALCO DE BERRIOZÁBAL,MEX
677,COATEPEC HARINAS,MEX
678,COCOTITLÁN,MEX
679,COYOTEPEC,MEX
680,CUAUTITLÁN,MEX
681,CHALCO,MEX
682,CHAPA DE MOTA,MEX
683,CHAPULTEPEC,MEX
684,CHIAUTLA,MEX
685,CHICOLOAPAN,MEX
686,CHICONCUAC,MEX
687,CHIMALHUACÁN,MEX
688,DONATO GUERRA,MEX
689,ECATEPEC DE MORELOS,MEX
690,ECATZINGO,MEX
691,HUEHUETOCA,MEX
692,HUEYPOXTLA,MEX
693,HUIXQUILUCAN,MEX
694,ISIDRO FABELA,MEX
695,IXTAPALUCA,MEX
696,IXTAPAN DE LA SAL,MEX
697,IXTAPAN DEL ORO,MEX
698,IXTLAHUACA,MEX
699,XALATLACO,MEX
700,JALTENCO,MEX
701,JILOTEPEC,MEX
702,JILOTZINGO,MEX
703,JIQUIPILCO,MEX
704,JOCOTITLÁN,MEX
705,JOQUICINGO,MEX
706,JUCHITEPEC,MEX
707,LERMA,MEX
708,MALINALCO,MEX
709,MELCHOR OCAMPO,MEX
710,METEPEC,MEX
711,MEXICALTZINGO,MEX
712,MORELOS,MEX
713,NAUCALPAN DE JUÁREZ,MEX
714,NEZAHUALCÓYOTL,MEX
715,NEXTLALPAN,MEX
716,NICOLÁS ROMERO,MEX
717,NOPALTEPEC,MEX
718,OCOYOACAC,MEX
719,OCUILAN,MEX
720,EL ORO,MEX
721,OTUMBA,MEX
722,OTZOLOAPAN,MEX
723,OTZOLOTEPEC,MEX
724,OZUMBA,MEX
725,PAPALOTLA,MEX
726,LA PAZ,MEX
727,POLOTITLÁN,MEX
728,RAYÓN,MEX
729,SAN ANTONIO LA ISLA,MEX
730,SAN FELIPE DEL PROGRESO,MEX
731,SAN MARTÍN DE LAS PIRÁMIDES,MEX
732,SAN MATEO ATENCO,MEX
733,SAN SIMÓN DE GUERRERO,MEX
734,SANTO TOMÁS,MEX
735,SOYANIQUILPAN DE JUÁREZ,MEX
736,SULTEPEC,MEX
737,TECÁMAC,MEX
738,TEJUPILCO,MEX
739,TEMAMATLA,MEX
740,TEMASCALAPA,MEX
741,TEMASCALCINGO,MEX
742,TEMASCALTEPEC,MEX
743,TEMOAYA,MEX
744,TENANCINGO,MEX
745,TENANGO DEL AIRE,MEX
746,TENANGO DEL VALLE,MEX
747,TEOLOYUCAN,MEX
748,TEOTIHUACÁN,MEX
749,TEPETLAOXTOC,MEX
750,TEPETLIXPA,MEX
751,TEPOTZOTLÁN,MEX
752,TEQUIXQUIAC,MEX
753,TEXCALTITLÁN,MEX
754,TEXCALYACAC,MEX
755,TEXCOCO,MEX
756,TEZOYUCA,MEX
757,TIANGUISTENCO,MEX
758,TIMILPAN,MEX
759,TLALMANALCO,MEX
760,TLALNEPANTLA DE BAZ,MEX
761,TLATLAYA,MEX
762,TOLUCA,MEX
763,TONATICO,MEX
764,TULTEPEC,MEX
765,TULTITLÁN,MEX
766,VALLE DE BRAVO,MEX
767,VILLA DE ALLENDE,MEX
768,VILLA DEL CARBÓN,MEX
769,VILLA GUERRERO,MEX
770,VILLA VICTORIA,MEX
771,XONACATLÁN,MEX
772,ZACAZONAPAN,MEX
773,ZACUALPAN,MEX
774,ZINACANTEPEC,MEX
775,ZUMPAHUACÁN,MEX
776,ZUMPANGO,MEX
777,CUAUTITLÁN IZCALLI,MEX
778,VALLE DE CHALCO SOLIDARIDAD,MEX
779,LUVIANOS,MEX
780,SAN JOSÉ DEL RINCÓN,MEX
781,TONANITLA,MEX
782,ACUITZIO,MIC
783,AGUILILLA,MIC
784,ÁLVARO OBREGÓN,MIC
785,ANGAMACUTIRO,MIC
786,ANGANGUEO,MIC
787,APATZINGÁN,MIC
788,APORO,MIC
789,AQUILA,MIC
790,ARIO,MIC
791,ARTEAGA,MIC
792,BRISEÑAS,MIC
793,BUENAVISTA,MIC
794,CARÁCUARO,MIC
795,COAHUAYANA,MIC
796,COALCOMÁN DE VÁZQUEZ PALLARES,MIC
797,COENEO,MIC
798,CONTEPEC,MIC
799,COPÁNDARO,MIC
800,COTIJA,MIC
801,CUITZEO,MIC
802,CHARAPAN,MIC
803,CHARO,MIC
804,CHAVINDA,MIC
805,CHERÁN,MIC
806,CHILCHOTA,MIC
807,CHINICUILA,MIC
808,CHUCÁNDIRO,MIC
809,CHURINTZIO,MIC
810,CHURUMUCO,MIC
811,ECUANDUREO,MIC
812,EPITACIO HUERTA,MIC
813,ERONGARÍCUARO,MIC
814,GABRIEL ZAMORA,MIC
815,HIDALGO,MIC
816,LA HUACANA,MIC
817,HUANDACAREO,MIC
818,HUANIQUEO,MIC
819,HUETAMO,MIC
820,HUIRAMBA,MIC
821,INDAPARAPEO,MIC
822,IRIMBO,MIC
823,IXTLÁN,MIC
824,JACONA,MIC
825,JIMÉNEZ,MIC
826,JIQUILPAN,MIC
827,JUÁREZ,MIC
828,JUNGAPEO,MIC
829,LAGUNILLAS,MIC
830,MADERO,MIC
831,MARAVATÍO,MIC
832,MARCOS CASTELLANOS,MIC
833,LÁZARO CÁRDENAS,MIC
834,MORELIA,MIC
835,MORELOS,MIC
836,MÚGICA,MIC
837,NAHUATZEN,MIC
838,NOCUPÉTARO,MIC
839,NUEVO PARANGARICUTIRO,MIC
840,NUEVO URECHO,MIC
841,NUMARÁN,MIC
842,OCAMPO,MIC
843,PAJACUARÁN,MIC
844,PANINDÍCUARO,MIC
845,PARÁCUARO,MIC
846,PARACHO,MIC
847,PÁTZCUARO,MIC
848,PENJAMILLO,MIC
849,PERIBÁN,MIC
850,LA PIEDAD,MIC
851,PURÉPERO,MIC
852,PURUÁNDIRO,MIC
853,QUERÉNDARO,MIC
854,QUIROGA,MIC
855,COJUMATLÁN DE RÉGULES,MIC
856,LOS REYES,MIC
857,SAHUAYO,MIC
858,SAN LUCAS,MIC
859,SANTA ANA MAYA,MIC
860,SALVADOR ESCALANTE,MIC
861,SENGUIO,MIC
862,SUSUPUATO,MIC
863,TACÁMBARO,MIC
864,TANCÍTARO,MIC
865,TANGAMANDAPIO,MIC
866,TANGANCÍCUARO,MIC
867,TANHUATO,MIC
868,TARETAN,MIC
869,TARÍMBARO,MIC
870,TEPALCATEPEC,MIC
871,TINGAMBATO,MIC
872,TINGÜINDÍN,MIC
873,TIQUICHEO DE NICOLÁS ROMERO,MIC
874,TLALPUJAHUA,MIC
875,TLAZAZALCA,MIC
876,TOCUMBO,MIC
877,TUMBISCATÍO,MIC
878,TURICATO,MIC
879,TUXPAN,MIC
880,TUZANTLA,MIC
881,TZINTZUNTZAN,MIC
882,TZITZIO,MIC
883,URUAPAN,MIC
884,VENUSTIANO CARRANZA,MIC
885,VILLAMAR,MIC
886,VISTA HERMOSA,MIC
887,YURÉCUARO,MIC
888,ZACAPU,MIC
889,ZAMORA,MIC
890,ZINÁPARO,MIC
891,ZINAPÉCUARO,MIC
892,ZIRACUARETIRO,MIC
893,ZITÁCUARO,MIC
894,JOSÉ SIXTO VERDUZCO,MIC
895,AMACUZAC,MOR
896,ATLATLAHUCAN,MOR
897,AXOCHIAPAN,MOR
898,AYALA,MOR
899,COATLÁN DEL RÍO,MOR
900,CUAUTLA,MOR
901,CUERNAVACA,MOR
902,EMILIANO ZAPATA,MOR
903,HUITZILAC,MOR
904,JANTETELCO,MOR
905,JIUTEPEC,MOR
906,JOJUTLA,MOR
907,JONACATEPEC DE LEANDRO VALLE,MOR
908,MAZATEPEC,MOR
909,MIACATLÁN,MOR
910,OCUITUCO,MOR
911,PUENTE DE IXTLA,MOR
912,TEMIXCO,MOR
913,TEPALCINGO,MOR
914,TEPOZTLÁN,MOR
915,TETECALA,MOR
916,TETELA DEL VOLCÁN,MOR
917,TLALNEPANTLA,MOR
918,TLALTIZAPÁN DE ZAPATA,MOR
919,TLAQUILTENANGO,MOR
920,TLAYACAPAN,MOR
921,TOTOLAPAN,MOR
922,XOCHITEPEC,MOR
923,YAUTEPEC,MOR
924,YECAPIXTLA,MOR
925,ZACATEPEC,MOR
926,ZACUALPAN DE AMILPAS,MOR
927,TEMOAC,MOR
928,ACAPONETA,NAY
929,AHUACATLÁN,NAY
930,AMATLÁN DE CAÑAS,NAY
931,COMPOSTELA,NAY
932,HUAJICORI,NAY
933,IXTLÁN DEL RÍO,NAY
934,JALA,NAY
935,XALISCO,NAY
936,DEL NAYAR,NAY
937,ROSAMORADA,NAY
938,RUÍZ,NAY
939,SAN BLAS,NAY
940,SAN PEDRO LAGUNILLAS,NAY
941,SANTA MARÍA DEL ORO,NAY
942,SANTIAGO IXCUINTLA,NAY
943,TECUALA,NAY
944,TEPIC,NAY
945,TUXPAN,NAY
946,LA YESCA,NAY
947,BAHÍA DE BANDERAS,NAY
948,ABASOLO,NLE
949,AGUALEGUAS,NLE
950,LOS ALDAMAS,NLE
951,ALLENDE,NLE
952,ANÁHUAC,NLE
953,APODACA,NLE
954,ARAMBERRI,NLE
955,BUSTAMANTE,NLE
956,CADEREYTA JIMÉNEZ,NLE
957,EL CARMEN,NLE
958,CERRALVO,NLE
959,CIÉNEGA DE FLORES,NLE
960,CHINA,NLE
961,DOCTOR ARROYO,NLE
962,DOCTOR COSS,NLE
963,DOCTOR GONZÁLEZ,NLE
964,GALEANA,NLE
965,GARCÍA,NLE
966,SAN PEDRO GARZA GARCÍA,NLE
967,GENERAL BRAVO,NLE
968,GENERAL ESCOBEDO,NLE
969,GENERAL TERÁN,NLE
970,GENERAL TREVIÑO,NLE
971,GENERAL ZARAGOZA,NLE
972,GENERAL ZUAZUA,NLE
973,GUADALUPE,NLE
974,LOS HERRERAS,NLE
975,HIGUERAS,NLE
976,HUALAHUISES,NLE
977,ITURBIDE,NLE
978,JUÁREZ,NLE
979,LAMPAZOS DE NARANJO,NLE
980,LINARES,NLE
981,MARÍN,NLE
982,MELCHOR OCAMPO,NLE
983,MIER Y NORIEGA,NLE
984,MINA,NLE
985,MONTEMORELOS,NLE
986,MONTERREY,NLE
987,PARÁS,NLE
988,PESQUERÍA,NLE
989,LOS RAMONES,NLE
990,RAYONES,NLE
991,SABINAS HIDALGO,NLE
992,SALINAS VICTORIA,NLE
993,SAN NICOLÁS DE LOS GARZA,NLE
994,HIDALGO,NLE
995,SANTA CATARINA,NLE
996,SANTIAGO,NLE
997,VALLECILLO,NLE
998,VILLALDAMA,NLE
999,ABEJONES,OAX
1000,ACATLÁN DE PÉREZ FIGUEROA,OAX
1001,ASUNCIÓN CACALOTEPEC,OAX
1002,ASUNCIÓN CUYOTEPEJI,OAX
1003,ASUNCIÓN IXTALTEPEC,OAX
1004,ASUNCIÓN NOCHIXTLÁN,OAX
1005,ASUNCIÓN OCOTLÁN,OAX
1006,ASUNCIÓN TLACOLULITA,OAX
1007,AYOTZINTEPEC,OAX
1008,EL BARRIO DE LA SOLEDAD,OAX
1009,CALIHUALÁ,OAX
1010,CANDELARIA LOXICHA,OAX
1011,CIÉNEGA DE ZIMATLÁN,OAX
1012,CIUDAD IXTEPEC,OAX
1013,COATECAS ALTAS,OAX
1014,COICOYÁN DE LAS FLORES,OAX
1015,LA COMPAÑÍA,OAX
1016,CONCEPCIÓN BUENAVISTA,OAX
1017,CONCEPCIÓN PÁPALO,OAX
1018,CONSTANCIA DEL ROSARIO,OAX
1019,COSOLAPA,OAX
1020,COSOLTEPEC,OAX
1021,CUILÁPAM DE GUERRERO,OAX
1022,CUYAMECALCO VILLA DE ZARAGOZA,OAX
1023,CHAHUITES,OAX
1024,CHALCATONGO DE HIDALGO,OAX
1025,CHIQUIHUITLÁN DE BENITO JUÁREZ,OAX
1026,HEROICA CIUDAD DE EJUTLA DE CRESPO,OAX
1027,ELOXOCHITLÁN DE FLORES MAGÓN,OAX
1028,EL ESPINAL,OAX
1029,TAMAZULÁPAM DEL ESPÍRITU SANTO,OAX
1030,FRESNILLO DE TRUJANO,OAX
1031,GUADALUPE ETLA,OAX
1032,GUADALUPE DE RAMÍREZ,OAX
1033,GUELATAO DE JUÁREZ,OAX
1034,GUEVEA DE HUMBOLDT,OAX
1035,MESONES HIDALGO,OAX
1036,VILLA HIDALGO,OAX
1037,HEROICA CIUDAD DE HUAJUAPAN DE LEÓN,OAX
1038,HUAUTEPEC,OAX
1039,HUAUTLA DE JIMÉNEZ,OAX
1040,IXTLÁN DE JUÁREZ,OAX
1041,HEROICA CIUDAD DE JUCHITÁN DE ZARAGOZA,OAX
1042,LOMA BONITA,OAX
1043,MAGDALENA APASCO,OAX
1044,MAGDALENA JALTEPEC,OAX
1045,SANTA MAGDALENA JICOTLÁN,OAX
1046,MAGDALENA MIXTEPEC,OAX
1047,MAGDALENA OCOTLÁN,OAX
1048,MAGDALENA PEÑASCO,OAX
1049,MAGDALENA TEITIPAC,OAX
1050,MAGDALENA TEQUISISTLÁN,OAX
1051,MAGDALENA TLACOTEPEC,OAX
1052,MAGDALENA ZAHUATLÁN,OAX
1053,MARISCALA DE JUÁREZ,OAX
1054,MÁRTIRES DE TACUBAYA,OAX
1055,MATÍAS ROMERO AVENDAÑO,OAX
1056,MAZATLÁN VILLA DE FLORES,OAX
1057,MIAHUATLÁN DE PORFIRIO DÍAZ,OAX
1058,MIXISTLÁN DE LA REFORMA,OAX
1059,MONJAS,OAX
1060,NATIVIDAD,OAX
1061,NAZARENO ETLA,OAX
1062,NEJAPA DE MADERO,OAX
1063,IXPANTEPEC NIEVES,OAX
1064,SANTIAGO NILTEPEC,OAX
1065,OAXACA DE JUÁREZ,OAX
1066,OCOTLÁN DE MORELOS,OAX
1067,LA PE,OAX
1068,PINOTEPA DE DON LUIS,OAX
1069,PLUMA HIDALGO,OAX
1070,SAN JOSÉ DEL PROGRESO,OAX
1071,PUTLA VILLA DE GUERRERO,OAX
1072,SANTA CATARINA QUIOQUITANI,OAX
1073,REFORMA DE PINEDA,OAX
1074,LA REFORMA,OAX
1075,REYES ETLA,OAX
1076,ROJAS DE CUAUHTÉMOC,OAX
1077,SALINA CRUZ,OAX
1078,SAN AGUSTÍN AMATENGO,OAX
1079,SAN AGUSTÍN ATENANGO,OAX
1080,SAN AGUSTÍN CHAYUCO,OAX
1081,SAN AGUSTÍN DE LAS JUNTAS,OAX
1082,SAN AGUSTÍN ETLA,OAX
1083,SAN AGUSTÍN LOXICHA,OAX
1084,SAN AGUSTÍN TLACOTEPEC,OAX
1085,SAN AGUSTÍN YATARENI,OAX
1086,SAN ANDRÉS CABECERA NUEVA,OAX
1087,SAN ANDRÉS DINICUITI,OAX
1088,SAN ANDRÉS HUAXPALTEPEC,OAX
1089,SAN ANDRÉS HUAYÁPAM,OAX
1090,SAN ANDRÉS IXTLAHUACA,OAX
1091,SAN ANDRÉS LAGUNAS,OAX
1092,SAN ANDRÉS NUXIÑO,OAX
1093,SAN ANDRÉS PAXTLÁN,OAX
1094,SAN ANDRÉS SINAXTLA,OAX
1095,SAN ANDRÉS SOLAGA,OAX
1096,SAN ANDRÉS TEOTILÁLPAM,OAX
1097,SAN ANDRÉS TEPETLAPA,OAX
1098,SAN ANDRÉS YAÁ,OAX
1099,SAN ANDRÉS ZABACHE,OAX
1100,SAN ANDRÉS ZAUTLA,OAX
1101,SAN ANTONINO CASTILLO VELASCO,OAX
1102,SAN ANTONINO EL ALTO,OAX
1103,SAN ANTONINO MONTE VERDE,OAX
1104,SAN ANTONIO ACUTLA,OAX
1105,SAN ANTONIO DE LA CAL,OAX
1106,SAN ANTONIO HUITEPEC,OAX
1107,SAN ANTONIO NANAHUATÍPAM,OAX
1108,SAN ANTONIO SINICAHUA,OAX
1109,SAN ANTONIO TEPETLAPA,OAX
1110,SAN BALTAZAR CHICHICÁPAM,OAX
1111,SAN BALTAZAR LOXICHA,OAX
1112,SAN BALTAZAR YATZACHI EL BAJO,OAX
1113,SAN BARTOLO COYOTEPEC,OAX
1114,SAN BARTOLOMÉ AYAUTLA,OAX
1115,SAN BARTOLOMÉ LOXICHA,OAX
1116,SAN BARTOLOMÉ QUIALANA,OAX
1117,SAN BARTOLOMÉ YUCUAÑE,OAX
1118,SAN BARTOLOMÉ ZOOGOCHO,OAX
1119,SAN BARTOLO SOYALTEPEC,OAX
1120,SAN BARTOLO YAUTEPEC,OAX
1121,SAN BERNARDO MIXTEPEC,OAX
1122,SAN BLAS ATEMPA,OAX
1123,SAN CARLOS YAUTEPEC,OAX
1124,SAN CRISTÓBAL AMATLÁN,OAX
1125,SAN CRISTÓBAL AMOLTEPEC,OAX
1126,SAN CRISTÓBAL LACHIRIOAG,OAX
1127,SAN CRISTÓBAL SUCHIXTLAHUACA,OAX
1128,SAN DIONISIO DEL MAR,OAX
1129,SAN DIONISIO OCOTEPEC,OAX
1130,SAN DIONISIO OCOTLÁN,OAX
1131,SAN ESTEBAN ATATLAHUCA,OAX
1132,SAN FELIPE JALAPA DE DÍAZ,OAX
1133,SAN FELIPE TEJALÁPAM,OAX
1134,SAN FELIPE USILA,OAX
1135,SAN FRANCISCO CAHUACUÁ,OAX
1136,SAN FRANCISCO CAJONOS,OAX
1137,SAN FRANCISCO CHAPULAPA,OAX
1138,SAN FRANCISCO CHINDÚA,OAX
1139,SAN FRANCISCO DEL MAR,OAX
1140,SAN FRANCISCO HUEHUETLÁN,OAX
1141,SAN FRANCISCO IXHUATÁN,OAX
1142,SAN FRANCISCO JALTEPETONGO,OAX
1143,SAN FRANCISCO LACHIGOLÓ,OAX
1144,SAN FRANCISCO LOGUECHE,OAX
1145,SAN FRANCISCO NUXAÑO,OAX
1146,SAN FRANCISCO OZOLOTEPEC,OAX
1147,SAN FRANCISCO SOLA,OAX
1148,SAN FRANCISCO TELIXTLAHUACA,OAX
1149,SAN FRANCISCO TEOPAN,OAX
1150,SAN FRANCISCO TLAPANCINGO,OAX
1151,SAN GABRIEL MIXTEPEC,OAX
1152,SAN ILDEFONSO AMATLÁN,OAX
1153,SAN ILDEFONSO SOLA,OAX
1154,SAN ILDEFONSO VILLA ALTA,OAX
1155,SAN JACINTO AMILPAS,OAX
1156,SAN JACINTO TLACOTEPEC,OAX
1157,SAN JERÓNIMO COATLÁN,OAX
1158,SAN JERÓNIMO SILACAYOAPILLA,OAX
1159,SAN JERÓNIMO SOSOLA,OAX
1160,SAN JERÓNIMO TAVICHE,OAX
1161,SAN JERÓNIMO TECÓATL,OAX
1162,SAN JORGE NUCHITA,OAX
1163,SAN JOSÉ AYUQUILA,OAX
1164,SAN JOSÉ CHILTEPEC,OAX
1165,SAN JOSÉ DEL PEÑASCO,OAX
1166,SAN JOSÉ ESTANCIA GRANDE,OAX
1167,SAN JOSÉ INDEPENDENCIA,OAX
1168,SAN JOSÉ LACHIGUIRI,OAX
1169,SAN JOSÉ TENANGO,OAX
1170,SAN JUAN ACHIUTLA,OAX
1171,SAN JUAN ATEPEC,OAX
1172,ÁNIMAS TRUJANO,OAX
1173,SAN JUAN BAUTISTA ATATLAHUCA,OAX
1174,SAN JUAN BAUTISTA COIXTLAHUACA,OAX
1175,SAN JUAN BAUTISTA CUICATLÁN,OAX
1176,SAN JUAN BAUTISTA GUELACHE,OAX
1177,SAN JUAN BAUTISTA JAYACATLÁN,OAX
1178,SAN JUAN BAUTISTA LO DE SOTO,OAX
1179,SAN JUAN BAUTISTA SUCHITEPEC,OAX
1180,SAN JUAN BAUTISTA TLACOATZINTEPEC,OAX
1181,SAN JUAN BAUTISTA TLACHICHILCO,OAX
1182,SAN JUAN BAUTISTA TUXTEPEC,OAX
1183,SAN JUAN CACAHUATEPEC,OAX
1184,SAN JUAN CIENEGUILLA,OAX
1185,SAN JUAN COATZÓSPAM,OAX
1186,SAN JUAN COLORADO,OAX
1187,SAN JUAN COMALTEPEC,OAX
1188,SAN JUAN COTZOCÓN,OAX
1189,SAN JUAN CHICOMEZÚCHIL,OAX
1190,SAN JUAN CHILATECA,OAX
1191,SAN JUAN DEL ESTADO,OAX
1192,SAN JUAN DEL RÍO,OAX
1193,SAN JUAN DIUXI,OAX
1194,SAN JUAN EVANGELISTA ANALCO,OAX
1195,SAN JUAN GUELAVÍA,OAX
1196,SAN JUAN GUICHICOVI,OAX
1197,SAN JUAN IHUALTEPEC,OAX
1198,SAN JUAN JUQUILA MIXES,OAX
1199,SAN JUAN JUQUILA VIJANOS,OAX
1200,SAN JUAN LACHAO,OAX
1201,SAN JUAN LACHIGALLA,OAX
1202,SAN JUAN LAJARCIA,OAX
1203,SAN JUAN LALANA,OAX
1204,SAN JUAN DE LOS CUÉS,OAX
1205,SAN JUAN MAZATLÁN,OAX
1206,SAN JUAN MIXTEPEC,OAX
1207,SAN JUAN MIXTEPEC,OAX
1208,SAN JUAN ÑUMÍ,OAX
1209,SAN JUAN OZOLOTEPEC,OAX
1210,SAN JUAN PETLAPA,OAX
1211,SAN JUAN QUIAHIJE,OAX
1212,SAN JUAN QUIOTEPEC,OAX
1213,SAN JUAN SAYULTEPEC,OAX
1214,SAN JUAN TABAÁ,OAX
1215,SAN JUAN TAMAZOLA,OAX
1216,SAN JUAN TEITA,OAX
1217,SAN JUAN TEITIPAC,OAX
1218,SAN JUAN TEPEUXILA,OAX
1219,SAN JUAN TEPOSCOLULA,OAX
1220,SAN JUAN YAEÉ,OAX
1221,SAN JUAN YATZONA,OAX
1222,SAN JUAN YUCUITA,OAX
1223,SAN LORENZO,OAX
1224,SAN LORENZO ALBARRADAS,OAX
1225,SAN LORENZO CACAOTEPEC,OAX
1226,SAN LORENZO CUAUNECUILTITLA,OAX
1227,SAN LORENZO TEXMELÚCAN,OAX
1228,SAN LORENZO VICTORIA,OAX
1229,SAN LUCAS CAMOTLÁN,OAX
1230,SAN LUCAS OJITLÁN,OAX
1231,SAN LUCAS QUIAVINÍ,OAX
1232,SAN LUCAS ZOQUIÁPAM,OAX
1233,SAN LUIS AMATLÁN,OAX
1234,SAN MARCIAL OZOLOTEPEC,OAX
1235,SAN MARCOS ARTEAGA,OAX
1236,SAN MARTÍN DE LOS CANSECOS,OAX
1237,SAN MARTÍN HUAMELÚLPAM,OAX
1238,SAN MARTÍN ITUNYOSO,OAX
1239,SAN MARTÍN LACHILÁ,OAX
1240,SAN MARTÍN PERAS,OAX
1241,SAN MARTÍN TILCAJETE,OAX
1242,SAN MARTÍN TOXPALAN,OAX
1243,SAN MARTÍN ZACATEPEC,OAX
1244,SAN MATEO CAJONOS,OAX
1245,CAPULÁLPAM DE MÉNDEZ,OAX
1246,SAN MATEO DEL MAR,OAX
1247,SAN MATEO YOLOXOCHITLÁN,OAX
1248,SAN MATEO ETLATONGO,OAX
1249,SAN MATEO NEJÁPAM,OAX
1250,SAN MATEO PEÑASCO,OAX
1251,SAN MATEO PIÑAS,OAX
1252,SAN MATEO RÍO HONDO,OAX
1253,SAN MATEO SINDIHUI,OAX
1254,SAN MATEO TLAPILTEPEC,OAX
1255,SAN MELCHOR BETAZA,OAX
1256,SAN MIGUEL ACHIUTLA,OAX
1257,SAN MIGUEL AHUEHUETITLÁN,OAX
1258,SAN MIGUEL ALOÁPAM,OAX
1259,SAN MIGUEL AMATITLÁN,OAX
1260,SAN MIGUEL AMATLÁN,OAX
1261,SAN MIGUEL COATLÁN,OAX
1262,SAN MIGUEL CHICAHUA,OAX
1263,SAN MIGUEL CHIMALAPA,OAX
1264,SAN MIGUEL DEL PUERTO,OAX
1265,SAN MIGUEL DEL RÍO,OAX
1266,SAN MIGUEL EJUTLA,OAX
1267,SAN MIGUEL EL GRANDE,OAX
1268,SAN MIGUEL HUAUTLA,OAX
1269,SAN MIGUEL MIXTEPEC,OAX
1270,SAN MIGUEL PANIXTLAHUACA,OAX
1271,SAN MIGUEL PERAS,OAX
1272,SAN MIGUEL PIEDRAS,OAX
1273,SAN MIGUEL QUETZALTEPEC,OAX
1274,SAN MIGUEL SANTA FLOR,OAX
1275,VILLA SOLA DE VEGA,OAX
1276,SAN MIGUEL SOYALTEPEC,OAX
1277,SAN MIGUEL SUCHIXTEPEC,OAX
1278,VILLA TALEA DE CASTRO,OAX
1279,SAN MIGUEL TECOMATLÁN,OAX
1280,SAN MIGUEL TENANGO,OAX
1281,SAN MIGUEL TEQUIXTEPEC,OAX
1282,SAN MIGUEL TILQUIÁPAM,OAX
1283,SAN MIGUEL TLACAMAMA,OAX
1284,SAN MIGUEL TLACOTEPEC,OAX
1285,SAN MIGUEL TULANCINGO,OAX
1286,SAN MIGUEL YOTAO,OAX
1287,SAN NICOLÁS,OAX
1288,SAN NICOLÁS HIDALGO,OAX
1289,SAN PABLO COATLÁN,OAX
1290,SAN PABLO CUATRO VENADOS,OAX
1291,SAN PABLO ETLA,OAX
1292,SAN PABLO HUITZO,OAX
1293,SAN PABLO HUIXTEPEC,OAX
1294,SAN PABLO MACUILTIANGUIS,OAX
1295,SAN PABLO TIJALTEPEC,OAX
1296,SAN PABLO VILLA DE MITLA,OAX
1297,SAN PABLO YAGANIZA,OAX
1298,SAN PEDRO AMUZGOS,OAX
1299,SAN PEDRO APÓSTOL,OAX
1300,SAN PEDRO ATOYAC,OAX
1301,SAN PEDRO CAJONOS,OAX
1302,SAN PEDRO COXCALTEPEC CÁNTAROS,OAX
1303,SAN PEDRO COMITANCILLO,OAX
1304,SAN PEDRO EL ALTO,OAX
1305,SAN PEDRO HUAMELULA,OAX
1306,SAN PEDRO HUILOTEPEC,OAX
1307,SAN PEDRO IXCATLÁN,OAX
1308,SAN PEDRO IXTLAHUACA,OAX
1309,SAN PEDRO JALTEPETONGO,OAX
1310,SAN PEDRO JICAYÁN,OAX
1311,SAN PEDRO JOCOTIPAC,OAX
1312,SAN PEDRO JUCHATENGO,OAX
1313,SAN PEDRO MÁRTIR,OAX
1314,SAN PEDRO MÁRTIR QUIECHAPA,OAX
1315,SAN PEDRO MÁRTIR YUCUXACO,OAX
1316,SAN PEDRO MIXTEPEC,OAX
1317,SAN PEDRO MIXTEPEC,OAX
1318,SAN PEDRO MOLINOS,OAX
1319,SAN PEDRO NOPALA,OAX
1320,SAN PEDRO OCOPETATILLO,OAX
1321,SAN PEDRO OCOTEPEC,OAX
1322,SAN PEDRO POCHUTLA,OAX
1323,SAN PEDRO QUIATONI,OAX
1324,SAN PEDRO SOCHIÁPAM,OAX
1325,SAN PEDRO TAPANATEPEC,OAX
1326,SAN PEDRO TAVICHE,OAX
1327,SAN PEDRO TEOZACOALCO,OAX
1328,SAN PEDRO TEUTILA,OAX
1329,SAN PEDRO TIDAÁ,OAX
1330,SAN PEDRO TOPILTEPEC,OAX
1331,SAN PEDRO TOTOLÁPAM,OAX
1332,VILLA DE TUTUTEPEC,OAX
1333,SAN PEDRO YANERI,OAX
1334,SAN PEDRO YÓLOX,OAX
1335,SAN PEDRO Y SAN PABLO AYUTLA,OAX
1336,VILLA DE ETLA,OAX
1337,SAN PEDRO Y SAN PABLO TEPOSCOLULA,OAX
1471,SANTIAGO LAXOPA,OAX
1338,SAN PEDRO Y SAN PABLO TEQUIXTEPEC,OAX
1339,SAN PEDRO YUCUNAMA,OAX
1340,SAN RAYMUNDO JALPAN,OAX
1341,SAN SEBASTIÁN ABASOLO,OAX
1342,SAN SEBASTIÁN COATLÁN,OAX
1343,SAN SEBASTIÁN IXCAPA,OAX
1344,SAN SEBASTIÁN NICANANDUTA,OAX
1345,SAN SEBASTIÁN RÍO HONDO,OAX
1346,SAN SEBASTIÁN TECOMAXTLAHUACA,OAX
1347,SAN SEBASTIÁN TEITIPAC,OAX
1348,SAN SEBASTIÁN TUTLA,OAX
1349,SAN SIMÓN ALMOLONGAS,OAX
1350,SAN SIMÓN ZAHUATLÁN,OAX
1351,SANTA ANA,OAX
1352,SANTA ANA ATEIXTLAHUACA,OAX
1353,SANTA ANA CUAUHTÉMOC,OAX
1354,SANTA ANA DEL VALLE,OAX
1355,SANTA ANA TAVELA,OAX
1356,SANTA ANA TLAPACOYAN,OAX
1357,SANTA ANA YARENI,OAX
1358,SANTA ANA ZEGACHE,OAX
1359,SANTA CATALINA QUIERÍ,OAX
1360,SANTA CATARINA CUIXTLA,OAX
1361,SANTA CATARINA IXTEPEJI,OAX
1362,SANTA CATARINA JUQUILA,OAX
1363,SANTA CATARINA LACHATAO,OAX
1364,SANTA CATARINA LOXICHA,OAX
1365,SANTA CATARINA MECHOACÁN,OAX
1366,SANTA CATARINA MINAS,OAX
1367,SANTA CATARINA QUIANÉ,OAX
1368,SANTA CATARINA TAYATA,OAX
1369,SANTA CATARINA TICUÁ,OAX
1370,SANTA CATARINA YOSONOTÚ,OAX
1371,SANTA CATARINA ZAPOQUILA,OAX
1372,SANTA CRUZ ACATEPEC,OAX
1373,SANTA CRUZ AMILPAS,OAX
1374,SANTA CRUZ DE BRAVO,OAX
1375,SANTA CRUZ ITUNDUJIA,OAX
1376,SANTA CRUZ MIXTEPEC,OAX
1377,SANTA CRUZ NUNDACO,OAX
1378,SANTA CRUZ PAPALUTLA,OAX
1379,SANTA CRUZ TACACHE DE MINA,OAX
1380,SANTA CRUZ TACAHUA,OAX
1381,SANTA CRUZ TAYATA,OAX
1382,SANTA CRUZ XITLA,OAX
1383,SANTA CRUZ XOXOCOTLÁN,OAX
1384,SANTA CRUZ ZENZONTEPEC,OAX
1385,SANTA GERTRUDIS,OAX
1386,SANTA INÉS DEL MONTE,OAX
1387,SANTA INÉS YATZECHE,OAX
1388,SANTA LUCÍA DEL CAMINO,OAX
1389,SANTA LUCÍA MIAHUATLÁN,OAX
1390,SANTA LUCÍA MONTEVERDE,OAX
1391,SANTA LUCÍA OCOTLÁN,OAX
1392,SANTA MARÍA ALOTEPEC,OAX
1393,SANTA MARÍA APAZCO,OAX
1394,SANTA MARÍA LA ASUNCIÓN,OAX
1395,HEROICA CIUDAD DE TLAXIACO,OAX
1396,AYOQUEZCO DE ALDAMA,OAX
1397,SANTA MARÍA ATZOMPA,OAX
1398,SANTA MARÍA CAMOTLÁN,OAX
1399,SANTA MARÍA COLOTEPEC,OAX
1400,SANTA MARÍA CORTIJO,OAX
1401,SANTA MARÍA COYOTEPEC,OAX
1402,SANTA MARÍA CHACHOÁPAM,OAX
1403,VILLA DE CHILAPA DE DÍAZ,OAX
1404,SANTA MARÍA CHILCHOTLA,OAX
1405,SANTA MARÍA CHIMALAPA,OAX
1406,SANTA MARÍA DEL ROSARIO,OAX
1407,SANTA MARÍA DEL TULE,OAX
1408,SANTA MARÍA ECATEPEC,OAX
1409,SANTA MARÍA GUELACÉ,OAX
1410,SANTA MARÍA GUIENAGATI,OAX
1411,SANTA MARÍA HUATULCO,OAX
1412,SANTA MARÍA HUAZOLOTITLÁN,OAX
1413,SANTA MARÍA IPALAPA,OAX
1414,SANTA MARÍA IXCATLÁN,OAX
1415,SANTA MARÍA JACATEPEC,OAX
1416,SANTA MARÍA JALAPA DEL MARQUÉS,OAX
1417,SANTA MARÍA JALTIANGUIS,OAX
1418,SANTA MARÍA LACHIXÍO,OAX
1419,SANTA MARÍA MIXTEQUILLA,OAX
1420,SANTA MARÍA NATIVITAS,OAX
1421,SANTA MARÍA NDUAYACO,OAX
1422,SANTA MARÍA OZOLOTEPEC,OAX
1423,SANTA MARÍA PÁPALO,OAX
1424,SANTA MARÍA PEÑOLES,OAX
1425,SANTA MARÍA PETAPA,OAX
1426,SANTA MARÍA QUIEGOLANI,OAX
1427,SANTA MARÍA SOLA,OAX
1428,SANTA MARÍA TATALTEPEC,OAX
1429,SANTA MARÍA TECOMAVACA,OAX
1430,SANTA MARÍA TEMAXCALAPA,OAX
1431,SANTA MARÍA TEMAXCALTEPEC,OAX
1432,SANTA MARÍA TEOPOXCO,OAX
1433,SANTA MARÍA TEPANTLALI,OAX
1434,SANTA MARÍA TEXCATITLÁN,OAX
1435,SANTA MARÍA TLAHUITOLTEPEC,OAX
1436,SANTA MARÍA TLALIXTAC,OAX
1437,SANTA MARÍA TONAMECA,OAX
1438,SANTA MARÍA TOTOLAPILLA,OAX
1439,SANTA MARÍA XADANI,OAX
1440,SANTA MARÍA YALINA,OAX
1441,SANTA MARÍA YAVESÍA,OAX
1442,SANTA MARÍA YOLOTEPEC,OAX
1443,SANTA MARÍA YOSOYÚA,OAX
1444,SANTA MARÍA YUCUHITI,OAX
1445,SANTA MARÍA ZACATEPEC,OAX
1446,SANTA MARÍA ZANIZA,OAX
1447,SANTA MARÍA ZOQUITLÁN,OAX
1448,SANTIAGO AMOLTEPEC,OAX
1449,SANTIAGO APOALA,OAX
1450,SANTIAGO APÓSTOL,OAX
1451,SANTIAGO ASTATA,OAX
1452,SANTIAGO ATITLÁN,OAX
1453,SANTIAGO AYUQUILILLA,OAX
1454,SANTIAGO CACALOXTEPEC,OAX
1455,SANTIAGO CAMOTLÁN,OAX
1456,SANTIAGO COMALTEPEC,OAX
1457,SANTIAGO CHAZUMBA,OAX
1458,SANTIAGO CHOÁPAM,OAX
1459,SANTIAGO DEL RÍO,OAX
1460,SANTIAGO HUAJOLOTITLÁN,OAX
1461,SANTIAGO HUAUCLILLA,OAX
1462,SANTIAGO IHUITLÁN PLUMAS,OAX
1463,SANTIAGO IXCUINTEPEC,OAX
1464,SANTIAGO IXTAYUTLA,OAX
1465,SANTIAGO JAMILTEPEC,OAX
1466,SANTIAGO JOCOTEPEC,OAX
1467,SANTIAGO JUXTLAHUACA,OAX
1468,SANTIAGO LACHIGUIRI,OAX
1469,SANTIAGO LALOPA,OAX
1470,SANTIAGO LAOLLAGA,OAX
1472,SANTIAGO LLANO GRANDE,OAX
1473,SANTIAGO MATATLÁN,OAX
1474,SANTIAGO MILTEPEC,OAX
1475,SANTIAGO MINAS,OAX
1476,SANTIAGO NACALTEPEC,OAX
1477,SANTIAGO NEJAPILLA,OAX
1478,SANTIAGO NUNDICHE,OAX
1479,SANTIAGO NUYOÓ,OAX
1480,SANTIAGO PINOTEPA NACIONAL,OAX
1481,SANTIAGO SUCHILQUITONGO,OAX
1482,SANTIAGO TAMAZOLA,OAX
1483,SANTIAGO TAPEXTLA,OAX
1484,VILLA TEJÚPAM DE LA UNIÓN,OAX
1485,SANTIAGO TENANGO,OAX
1486,SANTIAGO TEPETLAPA,OAX
1487,SANTIAGO TETEPEC,OAX
1488,SANTIAGO TEXCALCINGO,OAX
1489,SANTIAGO TEXTITLÁN,OAX
1490,SANTIAGO TILANTONGO,OAX
1491,SANTIAGO TILLO,OAX
1492,SANTIAGO TLAZOYALTEPEC,OAX
1493,SANTIAGO XANICA,OAX
1494,SANTIAGO XIACUÍ,OAX
1495,SANTIAGO YAITEPEC,OAX
1496,SANTIAGO YAVEO,OAX
1497,SANTIAGO YOLOMÉCATL,OAX
1498,SANTIAGO YOSONDÚA,OAX
1499,SANTIAGO YUCUYACHI,OAX
1500,SANTIAGO ZACATEPEC,OAX
1501,SANTIAGO ZOOCHILA,OAX
1502,NUEVO ZOQUIÁPAM,OAX
1503,SANTO DOMINGO INGENIO,OAX
1504,SANTO DOMINGO ALBARRADAS,OAX
1505,SANTO DOMINGO ARMENTA,OAX
1506,SANTO DOMINGO CHIHUITÁN,OAX
1507,SANTO DOMINGO DE MORELOS,OAX
1508,SANTO DOMINGO IXCATLÁN,OAX
1509,SANTO DOMINGO NUXAÁ,OAX
1510,SANTO DOMINGO OZOLOTEPEC,OAX
1511,SANTO DOMINGO PETAPA,OAX
1512,SANTO DOMINGO ROAYAGA,OAX
1513,SANTO DOMINGO TEHUANTEPEC,OAX
1514,SANTO DOMINGO TEOJOMULCO,OAX
1515,SANTO DOMINGO TEPUXTEPEC,OAX
1516,SANTO DOMINGO TLATAYÁPAM,OAX
1517,SANTO DOMINGO TOMALTEPEC,OAX
1518,SANTO DOMINGO TONALÁ,OAX
1519,SANTO DOMINGO TONALTEPEC,OAX
1520,SANTO DOMINGO XAGACÍA,OAX
1521,SANTO DOMINGO YANHUITLÁN,OAX
1522,SANTO DOMINGO YODOHINO,OAX
1523,SANTO DOMINGO ZANATEPEC,OAX
1524,SANTOS REYES NOPALA,OAX
1525,SANTOS REYES PÁPALO,OAX
1526,SANTOS REYES TEPEJILLO,OAX
1527,SANTOS REYES YUCUNÁ,OAX
1528,SANTO TOMÁS JALIEZA,OAX
1529,SANTO TOMÁS MAZALTEPEC,OAX
1530,SANTO TOMÁS OCOTEPEC,OAX
1531,SANTO TOMÁS TAMAZULAPAN,OAX
1532,SAN VICENTE COATLÁN,OAX
1533,SAN VICENTE LACHIXÍO,OAX
1534,SAN VICENTE NUÑÚ,OAX
1535,SILACAYOÁPAM,OAX
1536,SITIO DE XITLAPEHUA,OAX
1537,SOLEDAD ETLA,OAX
1538,VILLA DE TAMAZULÁPAM DEL PROGRESO,OAX
1539,TANETZE DE ZARAGOZA,OAX
1540,TANICHE,OAX
1541,TATALTEPEC DE VALDÉS,OAX
1542,TEOCOCUILCO DE MARCOS PÉREZ,OAX
1543,TEOTITLÁN DE FLORES MAGÓN,OAX
1544,TEOTITLÁN DEL VALLE,OAX
1545,TEOTONGO,OAX
1546,TEPELMEME VILLA DE MORELOS,OAX
1547,"HEROICA VILLA TEZOATLÁN DE SEGURA Y LUNA, CUNA DE LA INDEPENDENCIA DE OAXACA",OAX
1548,SAN JERÓNIMO TLACOCHAHUAYA,OAX
1549,TLACOLULA DE MATAMOROS,OAX
1550,TLACOTEPEC PLUMAS,OAX
1551,TLALIXTAC DE CABRERA,OAX
1552,TOTONTEPEC VILLA DE MORELOS,OAX
1553,TRINIDAD ZAACHILA,OAX
1554,LA TRINIDAD VISTA HERMOSA,OAX
1555,UNIÓN HIDALGO,OAX
1556,VALERIO TRUJANO,OAX
1557,SAN JUAN BAUTISTA VALLE NACIONAL,OAX
1558,VILLA DÍAZ ORDAZ,OAX
1559,YAXE,OAX
1560,MAGDALENA YODOCONO DE PORFIRIO DÍAZ,OAX
1561,YOGANA,OAX
1562,YUTANDUCHI DE GUERRERO,OAX
1563,VILLA DE ZAACHILA,OAX
1564,SAN MATEO YUCUTINDOO,OAX
1565,ZAPOTITLÁN LAGUNAS,OAX
1566,ZAPOTITLÁN PALMAS,OAX
1567,SANTA INÉS DE ZARAGOZA,OAX
1568,ZIMATLÁN DE ÁLVAREZ,OAX
1569,ACAJETE,PUE
1570,ACATENO,PUE
1571,ACATLÁN,PUE
1572,ACATZINGO,PUE
1573,ACTEOPAN,PUE
1574,AHUACATLÁN,PUE
1575,AHUATLÁN,PUE
1576,AHUAZOTEPEC,PUE
1577,AHUEHUETITLA,PUE
1578,AJALPAN,PUE
1579,ALBINO ZERTUCHE,PUE
1580,ALJOJUCA,PUE
1581,ALTEPEXI,PUE
1582,AMIXTLÁN,PUE
1583,AMOZOC,PUE
1584,AQUIXTLA,PUE
1585,ATEMPAN,PUE
1586,ATEXCAL,PUE
1587,ATLIXCO,PUE
1588,ATOYATEMPAN,PUE
1589,ATZALA,PUE
1590,ATZITZIHUACÁN,PUE
1591,ATZITZINTLA,PUE
1592,AXUTLA,PUE
1593,AYOTOXCO DE GUERRERO,PUE
1594,CALPAN,PUE
1595,CALTEPEC,PUE
1596,CAMOCUAUTLA,PUE
1597,CAXHUACAN,PUE
1598,COATEPEC,PUE
1599,COATZINGO,PUE
1600,COHETZALA,PUE
1601,COHUECAN,PUE
1602,CORONANGO,PUE
1603,COXCATLÁN,PUE
1604,COYOMEAPAN,PUE
1605,COYOTEPEC,PUE
1606,CUAPIAXTLA DE MADERO,PUE
1607,CUAUTEMPAN,PUE
1608,CUAUTINCHÁN,PUE
1609,CUAUTLANCINGO,PUE
1610,CUAYUCA DE ANDRADE,PUE
1611,CUETZALAN DEL PROGRESO,PUE
1612,CUYOACO,PUE
1613,CHALCHICOMULA DE SESMA,PUE
1614,CHAPULCO,PUE
1615,CHIAUTLA,PUE
1616,CHIAUTZINGO,PUE
1617,CHICONCUAUTLA,PUE
1618,CHICHIQUILA,PUE
1619,CHIETLA,PUE
1620,CHIGMECATITLÁN,PUE
1621,CHIGNAHUAPAN,PUE
1622,CHIGNAUTLA,PUE
1623,CHILA,PUE
1624,CHILA DE LA SAL,PUE
1625,HONEY,PUE
1626,CHILCHOTLA,PUE
1627,CHINANTLA,PUE
1628,DOMINGO ARENAS,PUE
1629,ELOXOCHITLÁN,PUE
1630,EPATLÁN,PUE
1631,ESPERANZA,PUE
1632,FRANCISCO Z. MENA,PUE
1633,GENERAL FELIPE ÁNGELES,PUE
1634,GUADALUPE,PUE
1635,GUADALUPE VICTORIA,PUE
1636,HERMENEGILDO GALEANA,PUE
1637,HUAQUECHULA,PUE
1638,HUATLATLAUCA,PUE
1639,HUAUCHINANGO,PUE
1640,HUEHUETLA,PUE
1641,HUEHUETLÁN EL CHICO,PUE
1642,HUEJOTZINGO,PUE
1643,HUEYAPAN,PUE
1644,HUEYTAMALCO,PUE
1645,HUEYTLALPAN,PUE
1646,HUITZILAN DE SERDÁN,PUE
1647,HUITZILTEPEC,PUE
1648,ATLEQUIZAYAN,PUE
1649,IXCAMILPA DE GUERRERO,PUE
1650,IXCAQUIXTLA,PUE
1651,IXTACAMAXTITLÁN,PUE
1652,IXTEPEC,PUE
1653,IZÚCAR DE MATAMOROS,PUE
1654,JALPAN,PUE
1655,JOLALPAN,PUE
1656,JONOTLA,PUE
1657,JOPALA,PUE
1658,JUAN C. BONILLA,PUE
1659,JUAN GALINDO,PUE
1660,JUAN N. MÉNDEZ,PUE
1661,LAFRAGUA,PUE
1662,LIBRES,PUE
1663,LA MAGDALENA TLATLAUQUITEPEC,PUE
1664,MAZAPILTEPEC DE JUÁREZ,PUE
1665,MIXTLA,PUE
1666,MOLCAXAC,PUE
1667,CAÑADA MORELOS,PUE
1668,NAUPAN,PUE
1669,NAUZONTLA,PUE
1670,NEALTICAN,PUE
1671,NICOLÁS BRAVO,PUE
1672,NOPALUCAN,PUE
1673,OCOTEPEC,PUE
1674,OCOYUCAN,PUE
1675,OLINTLA,PUE
1676,ORIENTAL,PUE
1677,PAHUATLÁN,PUE
1678,PALMAR DE BRAVO,PUE
1679,PANTEPEC,PUE
1680,PETLALCINGO,PUE
1681,PIAXTLA,PUE
1682,PUEBLA,PUE
1683,QUECHOLAC,PUE
1684,QUIMIXTLÁN,PUE
1685,RAFAEL LARA GRAJALES,PUE
1686,LOS REYES DE JUÁREZ,PUE
1687,SAN ANDRÉS CHOLULA,PUE
1688,SAN ANTONIO CAÑADA,PUE
1689,SAN DIEGO LA MESA TOCHIMILTZINGO,PUE
1690,SAN FELIPE TEOTLALCINGO,PUE
1691,SAN FELIPE TEPATLÁN,PUE
1692,SAN GABRIEL CHILAC,PUE
1693,SAN GREGORIO ATZOMPA,PUE
1694,SAN JERÓNIMO TECUANIPAN,PUE
1695,SAN JERÓNIMO XAYACATLÁN,PUE
1696,SAN JOSÉ CHIAPA,PUE
1697,SAN JOSÉ MIAHUATLÁN,PUE
1698,SAN JUAN ATENCO,PUE
1699,SAN JUAN ATZOMPA,PUE
1700,SAN MARTÍN TEXMELUCAN,PUE
1701,SAN MARTÍN TOTOLTEPEC,PUE
1702,SAN MATÍAS TLALANCALECA,PUE
1703,SAN MIGUEL IXITLÁN,PUE
1704,SAN MIGUEL XOXTLA,PUE
1705,SAN NICOLÁS BUENOS AIRES,PUE
1706,SAN NICOLÁS DE LOS RANCHOS,PUE
1707,SAN PABLO ANICANO,PUE
1708,SAN PEDRO CHOLULA,PUE
1709,SAN PEDRO YELOIXTLAHUACA,PUE
1710,SAN SALVADOR EL SECO,PUE
1711,SAN SALVADOR EL VERDE,PUE
1712,SAN SALVADOR HUIXCOLOTLA,PUE
1713,SAN SEBASTIÁN TLACOTEPEC,PUE
1714,SANTA CATARINA TLALTEMPAN,PUE
1715,SANTA INÉS AHUATEMPAN,PUE
1716,SANTA ISABEL CHOLULA,PUE
1717,SANTIAGO MIAHUATLÁN,PUE
1718,HUEHUETLÁN EL GRANDE,PUE
1719,SANTO TOMÁS HUEYOTLIPAN,PUE
1720,SOLTEPEC,PUE
1721,TECALI DE HERRERA,PUE
1722,TECAMACHALCO,PUE
1723,TECOMATLÁN,PUE
1724,TEHUACÁN,PUE
1725,TEHUITZINGO,PUE
1726,TENAMPULCO,PUE
1727,TEOPANTLÁN,PUE
1728,TEOTLALCO,PUE
1729,TEPANCO DE LÓPEZ,PUE
1730,TEPANGO DE RODRÍGUEZ,PUE
1731,TEPATLAXCO DE HIDALGO,PUE
1732,TEPEACA,PUE
1733,TEPEMAXALCO,PUE
1734,TEPEOJUMA,PUE
1735,TEPETZINTLA,PUE
1736,TEPEXCO,PUE
1737,TEPEXI DE RODRÍGUEZ,PUE
1738,TEPEYAHUALCO,PUE
1739,TEPEYAHUALCO DE CUAUHTÉMOC,PUE
1740,TETELA DE OCAMPO,PUE
1741,TETELES DE AVILA CASTILLO,PUE
1742,TEZIUTLÁN,PUE
1743,TIANGUISMANALCO,PUE
1744,TILAPA,PUE
1745,TLACOTEPEC DE BENITO JUÁREZ,PUE
1746,TLACUILOTEPEC,PUE
1747,TLACHICHUCA,PUE
1748,TLAHUAPAN,PUE
1749,TLALTENANGO,PUE
1750,TLANEPANTLA,PUE
1751,TLAOLA,PUE
1752,TLAPACOYA,PUE
1753,TLAPANALÁ,PUE
1754,TLATLAUQUITEPEC,PUE
1755,TLAXCO,PUE
1756,TOCHIMILCO,PUE
1757,TOCHTEPEC,PUE
1758,TOTOLTEPEC DE GUERRERO,PUE
1759,TULCINGO,PUE
1760,TUZAMAPAN DE GALEANA,PUE
1761,TZICATLACOYAN,PUE
1762,VENUSTIANO CARRANZA,PUE
1763,VICENTE GUERRERO,PUE
1764,XAYACATLÁN DE BRAVO,PUE
1765,XICOTEPEC,PUE
1766,XICOTLÁN,PUE
1767,XIUTETELCO,PUE
1768,XOCHIAPULCO,PUE
1769,XOCHILTEPEC,PUE
1770,XOCHITLÁN DE VICENTE SUÁREZ,PUE
1771,XOCHITLÁN TODOS SANTOS,PUE
1772,YAONÁHUAC,PUE
1773,YEHUALTEPEC,PUE
1774,ZACAPALA,PUE
1775,ZACAPOAXTLA,PUE
1776,ZACATLÁN,PUE
1777,ZAPOTITLÁN,PUE
1778,ZAPOTITLÁN DE MÉNDEZ,PUE
1779,ZARAGOZA,PUE
1780,ZAUTLA,PUE
1781,ZIHUATEUTLA,PUE
1782,ZINACATEPEC,PUE
1783,ZONGOZOTLA,PUE
1784,ZOQUIAPAN,PUE
1785,ZOQUITLÁN,PUE
1786,AMEALCO DE BONFIL,QUE
1787,PINAL DE AMOLES,QUE
1788,ARROYO SECO,QUE
1789,CADEREYTA DE MONTES,QUE
1790,COLÓN,QUE
1791,CORREGIDORA,QUE
1792,EZEQUIEL MONTES,QUE
1793,HUIMILPAN,QUE
1794,JALPAN DE SERRA,QUE
1795,LANDA DE MATAMOROS,QUE
1796,EL MARQUÉS,QUE
1797,PEDRO ESCOBEDO,QUE
1798,PEÑAMILLER,QUE
1799,QUERÉTARO,QUE
1800,SAN JOAQUÍN,QUE
1801,SAN JUAN DEL RÍO,QUE
1802,TEQUISQUIAPAN,QUE
1803,TOLIMÁN,QUE
1804,COZUMEL,ROO
1805,FELIPE CARRILLO PUERTO,ROO
1806,ISLA MUJERES,ROO
1807,OTHÓN P. BLANCO,ROO
1808,BENITO JUÁREZ,ROO
1809,JOSÉ MARÍA MORELOS,ROO
1810,LÁZARO CÁRDENAS,ROO
1811,SOLIDARIDAD,ROO
1812,TULUM,ROO
1813,BACALAR,ROO
1814,PUERTO MORELOS,ROO
1815,AHUALULCO,SLP
1816,ALAQUINES,SLP
1817,AQUISMÓN,SLP
1818,ARMADILLO DE LOS INFANTE,SLP
1819,CÁRDENAS,SLP
1820,CATORCE,SLP
1821,CEDRAL,SLP
1822,CERRITOS,SLP
1823,CERRO DE SAN PEDRO,SLP
1824,CIUDAD DEL MAÍZ,SLP
1825,CIUDAD FERNÁNDEZ,SLP
1826,TANCANHUITZ,SLP
1827,CIUDAD VALLES,SLP
1828,COXCATLÁN,SLP
1829,CHARCAS,SLP
1830,EBANO,SLP
1831,GUADALCÁZAR,SLP
1832,HUEHUETLÁN,SLP
1833,LAGUNILLAS,SLP
1834,MATEHUALA,SLP
1835,MEXQUITIC DE CARMONA,SLP
1836,MOCTEZUMA,SLP
1837,RAYÓN,SLP
1838,RIOVERDE,SLP
1839,SALINAS,SLP
1840,SAN ANTONIO,SLP
1841,SAN CIRO DE ACOSTA,SLP
1842,SAN LUIS POTOSÍ,SLP
1843,SAN MARTÍN CHALCHICUAUTLA,SLP
1844,SAN NICOLÁS TOLENTINO,SLP
1845,SANTA CATARINA,SLP
1846,SANTA MARÍA DEL RÍO,SLP
1847,SANTO DOMINGO,SLP
1848,SAN VICENTE TANCUAYALAB,SLP
1849,SOLEDAD DE GRACIANO SÁNCHEZ,SLP
1850,TAMASOPO,SLP
1851,TAMAZUNCHALE,SLP
1852,TAMPACÁN,SLP
1853,TAMPAMOLÓN CORONA,SLP
1854,TAMUÍN,SLP
1855,TANLAJÁS,SLP
1856,TANQUIÁN DE ESCOBEDO,SLP
1857,TIERRA NUEVA,SLP
1858,VANEGAS,SLP
1859,VENADO,SLP
1860,VILLA DE ARRIAGA,SLP
1861,VILLA DE GUADALUPE,SLP
1862,VILLA DE LA PAZ,SLP
1863,VILLA DE RAMOS,SLP
1864,VILLA DE REYES,SLP
1865,VILLA HIDALGO,SLP
1866,VILLA JUÁREZ,SLP
1867,AXTLA DE TERRAZAS,SLP
1868,XILITLA,SLP
1869,ZARAGOZA,SLP
1870,VILLA DE ARISTA,SLP
1871,MATLAPA,SLP
1872,EL NARANJO,SLP
1873,AHOME,SIN
1874,ANGOSTURA,SIN
1875,BADIRAGUATO,SIN
1876,CONCORDIA,SIN
1877,COSALÁ,SIN
1878,CULIACÁN,SIN
1879,CHOIX,SIN
1880,ELOTA,SIN
1881,ESCUINAPA,SIN
1882,EL FUERTE,SIN
1883,GUASAVE,SIN
1884,MAZATLÁN,SIN
1885,MOCORITO,SIN
1886,ROSARIO,SIN
1887,SALVADOR ALVARADO,SIN
1888,SAN IGNACIO,SIN
1889,SINALOA,SIN
1890,NAVOLATO,SIN
1891,ACONCHI,SON
1892,AGUA PRIETA,SON
1893,ALAMOS,SON
1894,ALTAR,SON
1895,ARIVECHI,SON
1896,ARIZPE,SON
1897,ATIL,SON
1898,BACADÉHUACHI,SON
1899,BACANORA,SON
1900,BACERAC,SON
1901,BACOACHI,SON
1902,BÁCUM,SON
1903,BANÁMICHI,SON
1904,BAVIÁCORA,SON
1905,BAVISPE,SON
1906,BENJAMÍN HILL,SON
1907,CABORCA,SON
1908,CAJEME,SON
1909,CANANEA,SON
1910,CARBÓ,SON
1911,LA COLORADA,SON
1912,CUCURPE,SON
1913,CUMPAS,SON
1914,DIVISADEROS,SON
1915,EMPALME,SON
1916,ETCHOJOA,SON
1917,FRONTERAS,SON
1918,GRANADOS,SON
1919,GUAYMAS,SON
1920,HERMOSILLO,SON
1921,HUACHINERA,SON
1922,HUÁSABAS,SON
1923,HUATABAMPO,SON
1924,HUÉPAC,SON
1925,IMURIS,SON
1926,MAGDALENA,SON
1927,MAZATÁN,SON
1928,MOCTEZUMA,SON
1929,NACO,SON
1930,NÁCORI CHICO,SON
1931,NACOZARI DE GARCÍA,SON
1932,NAVOJOA,SON
1933,NOGALES,SON
1934,ONAVAS,SON
1935,OPODEPE,SON
1936,OQUITOA,SON
1937,PITIQUITO,SON
1938,PUERTO PEÑASCO,SON
1939,QUIRIEGO,SON
1940,RAYÓN,SON
1941,ROSARIO,SON
1942,SAHUARIPA,SON
1943,SAN FELIPE DE JESÚS,SON
1944,SAN JAVIER,SON
1945,SAN LUIS RÍO COLORADO,SON
1946,SAN MIGUEL DE HORCASITAS,SON
1947,SAN PEDRO DE LA CUEVA,SON
1948,SANTA ANA,SON
1949,SANTA CRUZ,SON
1950,SÁRIC,SON
1951,SOYOPA,SON
1952,SUAQUI GRANDE,SON
1953,TEPACHE,SON
1954,TRINCHERAS,SON
1955,TUBUTAMA,SON
1956,URES,SON
1957,VILLA HIDALGO,SON
1958,VILLA PESQUEIRA,SON
1959,YÉCORA,SON
1960,GENERAL PLUTARCO ELÍAS CALLES,SON
1961,BENITO JUÁREZ,SON
1962,SAN IGNACIO RÍO MUERTO,SON
1963,BALANCÁN,TAB
1964,CÁRDENAS,TAB
1965,CENTLA,TAB
1966,CENTRO,TAB
1967,COMALCALCO,TAB
1968,CUNDUACÁN,TAB
1969,EMILIANO ZAPATA,TAB
1970,HUIMANGUILLO,TAB
1971,JALAPA,TAB
1972,JALPA DE MÉNDEZ,TAB
1973,JONUTA,TAB
1974,MACUSPANA,TAB
1975,NACAJUCA,TAB
1976,PARAÍSO,TAB
1977,TACOTALPA,TAB
1978,TEAPA,TAB
1979,TENOSIQUE,TAB
1980,ABASOLO,TAM
1981,ALDAMA,TAM
1982,ALTAMIRA,TAM
1983,ANTIGUO MORELOS,TAM
1984,BURGOS,TAM
1985,BUSTAMANTE,TAM
1986,CAMARGO,TAM
1987,CASAS,TAM
1988,CIUDAD MADERO,TAM
1989,CRUILLAS,TAM
1990,GÓMEZ FARÍAS,TAM
1991,GONZÁLEZ,TAM
1992,GÜÉMEZ,TAM
1993,GUERRERO,TAM
1994,GUSTAVO DÍAZ ORDAZ,TAM
1995,HIDALGO,TAM
1996,JAUMAVE,TAM
1997,JIMÉNEZ,TAM
1998,LLERA,TAM
1999,MAINERO,TAM
2000,EL MANTE,TAM
2001,MATAMOROS,TAM
2002,MÉNDEZ,TAM
2003,MIER,TAM
2004,MIGUEL ALEMÁN,TAM
2005,MIQUIHUANA,TAM
2006,NUEVO LAREDO,TAM
2007,NUEVO MORELOS,TAM
2008,OCAMPO,TAM
2009,PADILLA,TAM
2010,PALMILLAS,TAM
2011,REYNOSA,TAM
2012,RÍO BRAVO,TAM
2013,SAN CARLOS,TAM
2014,SAN FERNANDO,TAM
2015,SAN NICOLÁS,TAM
2016,SOTO LA MARINA,TAM
2017,TAMPICO,TAM
2018,TULA,TAM
2019,VALLE HERMOSO,TAM
2020,VICTORIA,TAM
2021,VILLAGRÁN,TAM
2022,XICOTÉNCATL,TAM
2023,AMAXAC DE GUERRERO,TLA
2024,APETATITLÁN DE ANTONIO CARVAJAL,TLA
2025,ATLANGATEPEC,TLA
2026,ATLTZAYANCA,TLA
2027,APIZACO,TLA
2028,CALPULALPAN,TLA
2029,EL CARMEN TEQUEXQUITLA,TLA
2030,CUAPIAXTLA,TLA
2031,CUAXOMULCO,TLA
2032,CHIAUTEMPAN,TLA
2033,MUÑOZ DE DOMINGO ARENAS,TLA
2034,ESPAÑITA,TLA
2035,HUAMANTLA,TLA
2036,HUEYOTLIPAN,TLA
2037,IXTACUIXTLA DE MARIANO MATAMOROS,TLA
2038,IXTENCO,TLA
2039,MAZATECOCHCO DE JOSÉ MARÍA MORELOS,TLA
2040,CONTLA DE JUAN CUAMATZI,TLA
2041,TEPETITLA DE LARDIZÁBAL,TLA
2042,SANCTÓRUM DE LÁZARO CÁRDENAS,TLA
2043,NANACAMILPA DE MARIANO ARISTA,TLA
2044,ACUAMANALA DE MIGUEL HIDALGO,TLA
2045,NATÍVITAS,TLA
2046,PANOTLA,TLA
2047,SAN PABLO DEL MONTE,TLA
2048,SANTA CRUZ TLAXCALA,TLA
2049,TENANCINGO,TLA
2050,TEOLOCHOLCO,TLA
2051,TEPEYANCO,TLA
2052,TERRENATE,TLA
2053,TETLA DE LA SOLIDARIDAD,TLA
2054,TETLATLAHUCA,TLA
2055,TLAXCALA,TLA
2056,TLAXCO,TLA
2057,TOCATLÁN,TLA
2058,TOTOLAC,TLA
2059,ZILTLALTÉPEC DE TRINIDAD SÁNCHEZ SANTOS,TLA
2060,TZOMPANTEPEC,TLA
2061,XALOZTOC,TLA
2062,XALTOCAN,TLA
2063,PAPALOTLA DE XICOHTÉNCATL,TLA
2064,XICOHTZINCO,TLA
2065,YAUHQUEMEHCAN,TLA
2066,ZACATELCO,TLA
2067,BENITO JUÁREZ,TLA
2068,EMILIANO ZAPATA,TLA
2069,LÁZARO CÁRDENAS,TLA
2070,LA MAGDALENA TLALTELULCO,TLA
2071,SAN DAMIÁN TEXÓLOC,TLA
2072,SAN FRANCISCO TETLANOHCAN,TLA
2073,SAN JERÓNIMO ZACUALPAN,TLA
2074,SAN JOSÉ TEACALCO,TLA
2075,SAN JUAN HUACTZINCO,TLA
2076,SAN LORENZO AXOCOMANITLA,TLA
2077,SAN LUCAS TECOPILCO,TLA
2078,SANTA ANA NOPALUCAN,TLA
2079,SANTA APOLONIA TEACALCO,TLA
2080,SANTA CATARINA AYOMETLA,TLA
2081,SANTA CRUZ QUILEHTLA,TLA
2082,SANTA ISABEL XILOXOXTLA,TLA
2083,ACAJETE,VER
2084,ACATLÁN,VER
2085,ACAYUCAN,VER
2086,ACTOPAN,VER
2087,ACULA,VER
2088,ACULTZINGO,VER
2089,CAMARÓN DE TEJEDA,VER
2090,ALPATLÁHUAC,VER
2091,ALTO LUCERO DE GUTIÉRREZ BARRIOS,VER
2092,ALTOTONGA,VER
2093,ALVARADO,VER
2094,AMATITLÁN,VER
2095,NARANJOS AMATLÁN,VER
2096,AMATLÁN DE LOS REYES,VER
2097,ANGEL R. CABADA,VER
2098,LA ANTIGUA,VER
2099,APAZAPAN,VER
2100,AQUILA,VER
2101,ASTACINGA,VER
2102,ATLAHUILCO,VER
2103,ATOYAC,VER
2104,ATZACAN,VER
2105,ATZALAN,VER
2106,TLALTETELA,VER
2107,AYAHUALULCO,VER
2108,BANDERILLA,VER
2109,BENITO JUÁREZ,VER
2110,BOCA DEL RÍO,VER
2111,CALCAHUALCO,VER
2112,CAMERINO Z. MENDOZA,VER
2113,CARRILLO PUERTO,VER
2114,CATEMACO,VER
2115,CAZONES DE HERRERA,VER
2116,CERRO AZUL,VER
2117,CITLALTÉPETL,VER
2118,COACOATZINTLA,VER
2119,COAHUITLÁN,VER
2120,COATEPEC,VER
2121,COATZACOALCOS,VER
2122,COATZINTLA,VER
2123,COETZALA,VER
2124,COLIPA,VER
2125,COMAPA,VER
2126,CÓRDOBA,VER
2127,COSAMALOAPAN DE CARPIO,VER
2128,COSAUTLÁN DE CARVAJAL,VER
2129,COSCOMATEPEC,VER
2130,COSOLEACAQUE,VER
2131,COTAXTLA,VER
2132,COXQUIHUI,VER
2133,COYUTLA,VER
2134,CUICHAPA,VER
2135,CUITLÁHUAC,VER
2136,CHACALTIANGUIS,VER
2137,CHALMA,VER
2138,CHICONAMEL,VER
2139,CHICONQUIACO,VER
2140,CHICONTEPEC,VER
2141,CHINAMECA,VER
2142,CHINAMPA DE GOROSTIZA,VER
2143,LAS CHOAPAS,VER
2144,CHOCAMÁN,VER
2145,CHONTLA,VER
2146,CHUMATLÁN,VER
2147,EMILIANO ZAPATA,VER
2148,ESPINAL,VER
2149,FILOMENO MATA,VER
2150,FORTÍN,VER
2151,GUTIÉRREZ ZAMORA,VER
2152,HIDALGOTITLÁN,VER
2153,HUATUSCO,VER
2154,HUAYACOCOTLA,VER
2155,HUEYAPAN DE OCAMPO,VER
2156,HUILOAPAN DE CUAUHTÉMOC,VER
2157,IGNACIO DE LA LLAVE,VER
2158,ILAMATLÁN,VER
2159,ISLA,VER
2160,IXCATEPEC,VER
2161,IXHUACÁN DE LOS REYES,VER
2162,IXHUATLÁN DEL CAFÉ,VER
2163,IXHUATLANCILLO,VER
2164,IXHUATLÁN DEL SURESTE,VER
2165,IXHUATLÁN DE MADERO,VER
2166,IXMATLAHUACAN,VER
2167,IXTACZOQUITLÁN,VER
2168,JALACINGO,VER
2169,XALAPA,VER
2170,JALCOMULCO,VER
2171,JÁLTIPAN,VER
2172,JAMAPA,VER
2173,JESÚS CARRANZA,VER
2174,XICO,VER
2175,JILOTEPEC,VER
2176,JUAN RODRÍGUEZ CLARA,VER
2177,JUCHIQUE DE FERRER,VER
2178,LANDERO Y COSS,VER
2179,LERDO DE TEJADA,VER
2180,MAGDALENA,VER
2181,MALTRATA,VER
2182,MANLIO FABIO ALTAMIRANO,VER
2183,MARIANO ESCOBEDO,VER
2184,MARTÍNEZ DE LA TORRE,VER
2185,MECATLÁN,VER
2186,MECAYAPAN,VER
2187,MEDELLÍN DE BRAVO,VER
2188,MIAHUATLÁN,VER
2189,LAS MINAS,VER
2190,MINATITLÁN,VER
2191,MISANTLA,VER
2192,MIXTLA DE ALTAMIRANO,VER
2193,MOLOACÁN,VER
2194,NAOLINCO,VER
2195,NARANJAL,VER
2196,NAUTLA,VER
2197,NOGALES,VER
2198,OLUTA,VER
2199,OMEALCA,VER
2200,ORIZABA,VER
2201,OTATITLÁN,VER
2202,OTEAPAN,VER
2203,OZULUAMA DE MASCAREÑAS,VER
2204,PAJAPAN,VER
2205,PÁNUCO,VER
2206,PAPANTLA,VER
2207,PASO DEL MACHO,VER
2208,PASO DE OVEJAS,VER
2209,LA PERLA,VER
2210,PEROTE,VER
2211,PLATÓN SÁNCHEZ,VER
2212,PLAYA VICENTE,VER
2213,POZA RICA DE HIDALGO,VER
2214,LAS VIGAS DE RAMÍREZ,VER
2215,PUEBLO VIEJO,VER
2216,PUENTE NACIONAL,VER
2217,RAFAEL DELGADO,VER
2218,RAFAEL LUCIO,VER
2219,LOS REYES,VER
2220,RÍO BLANCO,VER
2221,SALTABARRANCA,VER
2222,SAN ANDRÉS TENEJAPAN,VER
2223,SAN ANDRÉS TUXTLA,VER
2224,SAN JUAN EVANGELISTA,VER
2225,SANTIAGO TUXTLA,VER
2226,SAYULA DE ALEMÁN,VER
2227,SOCONUSCO,VER
2228,SOCHIAPA,VER
2229,SOLEDAD ATZOMPA,VER
2230,SOLEDAD DE DOBLADO,VER
2231,SOTEAPAN,VER
2232,TAMALÍN,VER
2233,TAMIAHUA,VER
2234,TAMPICO ALTO,VER
2235,TANCOCO,VER
2236,TANTIMA,VER
2237,TANTOYUCA,VER
2238,TATATILA,VER
2239,CASTILLO DE TEAYO,VER
2240,TECOLUTLA,VER
2241,TEHUIPANGO,VER
2242,ÁLAMO TEMAPACHE,VER
2243,TEMPOAL,VER
2244,TENAMPA,VER
2245,TENOCHTITLÁN,VER
2246,TEOCELO,VER
2247,TEPATLAXCO,VER
2248,TEPETLÁN,VER
2249,TEPETZINTLA,VER
2250,TEQUILA,VER
2251,JOSÉ AZUETA,VER
2252,TEXCATEPEC,VER
2253,TEXHUACÁN,VER
2254,TEXISTEPEC,VER
2255,TEZONAPA,VER
2256,TIERRA BLANCA,VER
2257,TIHUATLÁN,VER
2258,TLACOJALPAN,VER
2259,TLACOLULAN,VER
2260,TLACOTALPAN,VER
2261,TLACOTEPEC DE MEJÍA,VER
2262,TLACHICHILCO,VER
2263,TLALIXCOYAN,VER
2264,TLALNELHUAYOCAN,VER
2265,TLAPACOYAN,VER
2266,TLAQUILPA,VER
2267,TLILAPAN,VER
2268,TOMATLÁN,VER
2269,TONAYÁN,VER
2270,TOTUTLA,VER
2271,TUXPAN,VER
2272,TUXTILLA,VER
2273,URSULO GALVÁN,VER
2274,VEGA DE ALATORRE,VER
2275,VERACRUZ,VER
2276,VILLA ALDAMA,VER
2277,XOXOCOTLA,VER
2278,YANGA,VER
2279,YECUATLA,VER
2280,ZACUALPAN,VER
2281,ZARAGOZA,VER
2282,ZENTLA,VER
2283,ZONGOLICA,VER
2284,ZONTECOMATLÁN DE LÓPEZ Y FUENTES,VER
2285,ZOZOCOLCO DE HIDALGO,VER
2286,AGUA DULCE,VER
2287,EL HIGO,VER
2288,NANCHITAL DE LÁZARO CÁRDENAS DEL RÍO,VER
2289,TRES VALLES,VER
2290,CARLOS A. CARRILLO,VER
2291,TATAHUICAPAN DE JUÁREZ,VER
2292,UXPANAPA,VER
2293,SAN RAFAEL,VER
2294,SANTIAGO SOCHIAPAN,VER
2295,ABALÁ,YUC
2296,ACANCEH,YUC
2297,AKIL,YUC
2298,BACA,YUC
2299,BOKOBÁ,YUC
2300,BUCTZOTZ,YUC
2301,CACALCHÉN,YUC
2302,CALOTMUL,YUC
2303,CANSAHCAB,YUC
2304,CANTAMAYEC,YUC
2305,CELESTÚN,YUC
2306,CENOTILLO,YUC
2307,CONKAL,YUC
2308,CUNCUNUL,YUC
2309,CUZAMÁ,YUC
2310,CHACSINKÍN,YUC
2311,CHANKOM,YUC
2312,CHAPAB,YUC
2313,CHEMAX,YUC
2314,CHICXULUB PUEBLO,YUC
2315,CHICHIMILÁ,YUC
2316,CHIKINDZONOT,YUC
2317,CHOCHOLÁ,YUC
2318,CHUMAYEL,YUC
2319,DZÁN,YUC
2320,DZEMUL,YUC
2321,DZIDZANTÚN,YUC
2322,DZILAM DE BRAVO,YUC
2323,DZILAM GONZÁLEZ,YUC
2324,DZITÁS,YUC
2325,DZONCAUICH,YUC
2326,ESPITA,YUC
2327,HALACHÓ,YUC
2328,HOCABÁ,YUC
2329,HOCTÚN,YUC
2330,HOMÚN,YUC
2331,HUHÍ,YUC
2332,HUNUCMÁ,YUC
2333,IXIL,YUC
2334,IZAMAL,YUC
2335,KANASÍN,YUC
2336,KANTUNIL,YUC
2337,KAUA,YUC
2338,KINCHIL,YUC
2339,KOPOMÁ,YUC
2340,MAMA,YUC
2341,MANÍ,YUC
2342,MAXCANÚ,YUC
2343,MAYAPÁN,YUC
2344,MÉRIDA,YUC
2345,MOCOCHÁ,YUC
2346,MOTUL,YUC
2347,MUNA,YUC
2348,MUXUPIP,YUC
2349,OPICHÉN,YUC
2350,OXKUTZCAB,YUC
2351,PANABÁ,YUC
2352,PETO,YUC
2353,PROGRESO,YUC
2354,QUINTANA ROO,YUC
2355,RÍO LAGARTOS,YUC
2356,SACALUM,YUC
2357,SAMAHIL,YUC
2358,SANAHCAT,YUC
2359,SAN FELIPE,YUC
2360,SANTA ELENA,YUC
2361,SEYÉ,YUC
2362,SINANCHÉ,YUC
2363,SOTUTA,YUC
2364,SUCILÁ,YUC
2365,SUDZAL,YUC
2366,SUMA,YUC
2367,TAHDZIÚ,YUC
2368,TAHMEK,YUC
2369,TEABO,YUC
2370,TECOH,YUC
2371,TEKAL DE VENEGAS,YUC
2372,TEKANTÓ,YUC
2373,TEKAX,YUC
2374,TEKIT,YUC
2375,TEKOM,YUC
2376,TELCHAC PUEBLO,YUC
2377,TELCHAC PUERTO,YUC
2378,TEMAX,YUC
2379,TEMOZÓN,YUC
2380,TEPAKÁN,YUC
2381,TETIZ,YUC
2382,TEYA,YUC
2383,TICUL,YUC
2384,TIMUCUY,YUC
2385,TINUM,YUC
2386,TIXCACALCUPUL,YUC
2387,TIXKOKOB,YUC
2388,TIXMEHUAC,YUC
2389,TIXPÉHUAL,YUC
2390,TIZIMÍN,YUC
2391,TUNKÁS,YUC
2392,TZUCACAB,YUC
2393,UAYMA,YUC
2394,UCÚ,YUC
2395,UMÁN,YUC
2396,VALLADOLID,YUC
2397,XOCCHEL,YUC
2398,YAXCABÁ,YUC
2399,YAXKUKUL,YUC
2400,YOBAÍN,YUC
2401,APOZOL,ZAC
2402,APULCO,ZAC
2403,ATOLINGA,ZAC
2404,BENITO JUÁREZ,ZAC
2405,CALERA,ZAC
2406,CAÑITAS DE FELIPE PESCADOR,ZAC
2407,CONCEPCIÓN DEL ORO,ZAC
2408,CUAUHTÉMOC,ZAC
2409,CHALCHIHUITES,ZAC
2410,FRESNILLO,ZAC
2411,TRINIDAD GARCÍA DE LA CADENA,ZAC
2412,GENARO CODINA,ZAC
2413,GENERAL ENRIQUE ESTRADA,ZAC
2414,GENERAL FRANCISCO R. MURGUÍA,ZAC
2415,EL PLATEADO DE JOAQUÍN AMARO,ZAC
2416,GENERAL PÁNFILO NATERA,ZAC
2417,GUADALUPE,ZAC
2418,HUANUSCO,ZAC
2419,JALPA,ZAC
2420,JEREZ,ZAC
2421,JIMÉNEZ DEL TEUL,ZAC
2422,JUAN ALDAMA,ZAC
2423,JUCHIPILA,ZAC
2424,LORETO,ZAC
2425,LUIS MOYA,ZAC
2426,MAZAPIL,ZAC
2427,MELCHOR OCAMPO,ZAC
2428,MEZQUITAL DEL ORO,ZAC
2429,MIGUEL AUZA,ZAC
2430,MOMAX,ZAC
2431,MONTE ESCOBEDO,ZAC
2432,MORELOS,ZAC
2433,MOYAHUA DE ESTRADA,ZAC
2434,NOCHISTLÁN DE MEJÍA,ZAC
2435,NORIA DE ÁNGELES,ZAC
2436,OJOCALIENTE,ZAC
2437,PÁNUCO,ZAC
2438,PINOS,ZAC
2439,RÍO GRANDE,ZAC
2440,SAIN ALTO,ZAC
2441,EL SALVADOR,ZAC
2442,SOMBRERETE,ZAC
2443,SUSTICACÁN,ZAC
2444,TABASCO,ZAC
2445,TEPECHITLÁN,ZAC
2446,TEPETONGO,ZAC
2447,TEÚL DE GONZÁLEZ ORTEGA,ZAC
2448,TLALTENANGO DE SÁNCHEZ ROMÁN,ZAC
2449,VALPARAÍSO,ZAC
2450,VETAGRANDE,ZAC
2451,VILLA DE COS,ZAC
2452,VILLA GARCÍA,ZAC
2453,VILLA GONZÁLEZ ORTEGA,ZAC
2454,VILLA HIDALGO,ZAC
2455,VILLANUEVA,ZAC
2456,ZACATECAS,ZAC
2457,TRANCOSO,ZAC
2458,SANTA MARÍA DE LA PAZ,ZAC
