26,don9,$2a$08$dOWL0sWWNWGpkelP5dket.AkDL0OLueqCMQwM67zm/mhe7tuDkMDG,Hector,Hernandez,hectorh@ejemplo.com,2019-03-10 02:14:37.187873,2019-03-10 02:14:37.187873
23,donante6,$2a$08$qH/utJd1lWfDykYgOCo58eyTjrVAk0oBIH/BT1tqZH8Al2yL76fIO,Liliana,Lopez,fp@example.com,2019-03-10 02:14:37.187873,2019-03-10 02:14:37.187873
17,donante1,$2a$08$85q6kSVVVc1CZrp0KnxDGuzRseH3TyPjRLNETyt.eFIEMdS8Q1uau,Diego,Dominguez,diegodomingez25@ejemplo.com,2019-03-09 22:22:45.011140,2019-03-09 22:22:45.011140
1,admin,$2a$08$qSfIt0wFJo/3PiVstNF24e5gHsXuWPRsfUUGnhBA6KS1D.aZni3HC,Juan,Caritas,juan@caritas.org,2019-03-09 18:48:36.320487,2019-03-09 18:48:36.320487
12,Comunicacion,$2a$08$r52b5qQ/hwJBza7I4i6VAOZTmVrw.Z9QT7Slxut4oI5otDqUzU1de,Sandra,Vel√°zquez,Sandra@caritas.org,2019-03-09 19:14:10.234182,2019-03-09 19:14:10.234182
14,comunicacion_2,$2a$08$OwsxCOn6e3J7HtWUzC4G1uD4h2m32.JD1U1iNU/UK5Tj8wFb3t.cC,Lili,Quiroz,Lili@caritas.org,2019-03-09 19:14:10.234182,2019-03-09 19:14:10.234182
24,don7,$2a$08$Wh8fRcZAbFrLXhq6foa2NeWLA7HgO9dNbUlsYWwYaEcvy.N0ZIfl.,Don,Donante,dd@ejemplo.com,2019-03-10 02:14:37.187873,2019-03-10 02:14:37.187873
20,donante4,$2a$08$WWSPWcbF/UzSGhzhUKR5vOlB5wMVZKGwhg1EOW5qtZabcgP9.XUDK,Diana,Rodriguez,drod@ejemplo.com,2019-03-09 22:22:45.011140,2019-03-09 22:22:45.011140
21,donante5,$2a$08$bXMPsJl4he.MoPsTHLWuKuzmR5E9yuR/bkgrD7fwCaNjvpKud3wxm,Diana,Prince,wonderwoman@example.com,2019-03-09 22:22:45.011140,2019-03-09 22:22:45.011140
19,donante3,$2a$08$kKP8oQ4KhPFZOcce55EO6O1BL9I4W0VjP96r1JcgOTVoECMj6240C,David,Davidson,daviddv@example.com,2019-03-09 22:22:45.011140,2019-03-09 22:22:45.011140
18,donante2,$2a$08$4EEcLKt8SOMpKv0pfxHGSejCJxIqgDzg35Bhd/sI96juTR/nj23K6,Daniel,Sanchez,danisan@ejemplo.com,2019-03-09 22:22:45.011140,2019-03-09 22:22:45.011140
27,don10,$2a$08$OjKkpugzHmV4odiWyz4DHewTx.HbaYI468705MzsKwewuDDa6Uk/G,Juan,Jimenez,juanjim@ejemplo.com,2019-03-10 02:14:37.187873,2019-03-10 02:14:37.187873
2,programas,$2a$08$t2a6lFa.ZBXCwJltd6ncNuyNMo4ZrNgv8GXgVe6dLxFS5b9KdQ6NO,Fernando,Fernandez,Fernando@caritas.org,2019-03-09 18:48:36.320487,2019-03-09 18:48:36.320487
16,integracion,$2a$08$5qpaMTREgVi2VJ/VemIVHeprMHggxtHObdy2xIJbj4r2Kw8sSFThi,Eduardo,Arteaga,Eduardo@caritas.org,2019-03-09 19:17:02.529842,2019-03-09 19:17:02.529842
25,don8,$2a$08$fHk355MXOj9BLY4nHVPRWOilmOpqqmDlo16FQvPB1qyUdFYRdIZs2,Liliana,Leon,lleon@ejemplo.com,2019-03-10 02:14:37.187873,2019-03-10 02:14:37.187873
13,desarrollo_2,$2a$08$xzm5Eqr1.yZ4RRWGTrgvwe.bCO5RUvVMM/04V2c/CQofJ4phC80p6,Maria,Griezman,Maria@caritas.org,2019-03-09 19:14:10.234182,2019-03-09 19:14:10.234182
3,procuracion,$2a$08$H0QoCvvKPAKmLbqGzYCqtuoIl1NJQZ8RqR9PvtSDkDBpzI/a96kqa,Victor,Cente,Victor@caritas.org,2019-03-09 19:10:15.740820,2019-03-09 19:10:15.740820
15,desarrollo,$2a$08$n9RtkFVLV0lVANFzUIh9o.XAM7tzkgZFXTOny0OUTVnwli9FPtYCm,Hugo,Aranda,Hugo@caritas.org,2019-03-09 19:14:10.234182,2019-03-09 19:14:10.234182
