1,admin,fioesjvoisnvio,Juan,Caritas,juan@caritas.org,2019-03-09 18:48:36.320487,2019-03-09 18:48:36.320487
3,procuracion,sdfkvsfdvsdf,Victor,Cente,Victor@caritas.org,2019-03-09 19:10:15.740820,2019-03-09 19:10:15.740820
13,desarrollo_2,slfvbnsufgbbfs,Maria,Griezman,Maria@caritas.org,2019-03-09 19:14:10.234182,2019-03-09 19:14:10.234182
12,Comunicacion,afvsfvsfvvnj,Sandra,Vel√°zquez,Sandra@caritas.org,2019-03-09 19:14:10.234182,2019-03-09 19:14:10.234182
16,integracion,psfvubsfnb,Eduardo,Arteaga,Eduardo@caritas.org,2019-03-09 19:17:02.529842,2019-03-09 19:17:02.529842
14,comunicacion_2,yruernvsofdvios,Lili,Quiroz,Lili@caritas.org,2019-03-09 19:14:10.234182,2019-03-09 19:14:10.234182
15,desarrollo,hfbvsfviusf,Hugo,Aranda,Hugo@caritas.org,2019-03-09 19:14:10.234182,2019-03-09 19:14:10.234182
2,programas,wecwbcoewbcowebcowbcowbocbw,Fernando,Fernandez,Fernando@caritas.org,2019-03-09 18:48:36.320487,2019-03-09 18:48:36.320487
17,donante1,fehilvhwelvhwl,Diego,Dominguez,diegodomingez25@ejemplo.com,2019-03-09 22:22:45.011140,2019-03-09 22:22:45.011140
18,donante2,uiwdgiagela,Daniel,Sanchez,danisan@ejemplo.com,2019-03-09 22:22:45.011140,2019-03-09 22:22:45.011140
19,donante3,fgbrggbrd,David,Davidson,daviddv@example.com,2019-03-09 22:22:45.011140,2019-03-09 22:22:45.011140
20,donante4,rdtndnd,Diana,Rodriguez,drod@ejemplo.com,2019-03-09 22:22:45.011140,2019-03-09 22:22:45.011140
21,donante5,nrddnrtdnrttrhnnhtr,Diana,Prince,wonderwoman@example.com,2019-03-09 22:22:45.011140,2019-03-09 22:22:45.011140
23,donante6,vblrefbrevbueve,Liliana,Lopez,fp@example.com,2019-03-10 02:14:37.187873,2019-03-10 02:14:37.187873
24,don7,fbekrufeifbie,Don,Donante,dd@ejemplo.com,2019-03-10 02:14:37.187873,2019-03-10 02:14:37.187873
26,don9,giuergciecie,Hector,Hernandez,hectorh@ejemplo.com,2019-03-10 02:14:37.187873,2019-03-10 02:14:37.187873
27,don10,jwcwecheicoe,Juan,Jimenez,juanjim@ejemplo.com,2019-03-10 02:14:37.187873,2019-03-10 02:14:37.187873
25,don8,wwwwwwwtdfgttttttttttttt,Liliana,Leon,lleon@ejemplo.com,2019-03-10 02:14:37.187873,2019-03-10 02:14:37.187873
